Biomass type,C (%),H (%),N (%),O (%),WC (%),VM (%),FC (%),Ash (%),T (°C),RT (min),Char_yield (%),Char_C (%),Char_H (%),Char_N (%),Char_O (%),HHV (MJ/kg),ER (%),CR (%),Reference
Food waste,44.06,6.25,4.20,32.18,90.10,80.30,5.10,13.01,210,30,45.40,46.92,6.15,3.01,19.21,21.13,50.07,48.35,
Food waste,44.06,6.25,4.20,32.18,90.10,80.30,5.10,13.01,240,30,37.50,47.01,6.07,1.92,16.67,21.24,41.57,40.01,
Food waste,44.06,6.25,4.20,32.18,90.10,80.30,5.10,13.01,270,30,36.40,47.12,5.60,2.25,13.82,20.97,39.84,38.93,
Food waste,44.06,6.25,4.20,32.18,90.10,80.30,5.10,13.01,270,60,34.80,49.16,5.92,2.06,11.21,22.32,40.54,38.83,
Food waste,44.06,6.25,4.20,32.18,90.10,80.30,5.10,13.01,270,90,34.30,51.82,6.32,2.00,7.67,24.07,43.09,40.34,
Sludge,25.83,4.14,4.23,22.70,93.00,46.67,10.23,43.10,160,60,94.15,24.05,3.21,2.81,14.43,10.14,90.19,87.66,
Sludge,25.83,4.14,4.23,22.70,93.00,46.67,10.23,43.10,180,60,84.01,26.39,2.70,2.16,10.56,10.88,86.27,85.83,
Sludge,25.83,4.14,4.23,22.70,93.00,46.67,10.23,43.10,200,30,71.24,26.59,2.64,1.86,10.99,10.76,72.37,73.34,
Sludge,25.83,4.14,4.23,22.70,93.00,46.67,10.23,43.10,200,60,67.89,26.97,2.56,1.89,9.71,11.01,70.59,70.89,
Sludge,25.83,4.14,4.23,22.70,93.00,46.67,10.23,43.10,200,90,66.31,27.25,2.57,1.91,8.72,11.33,70.91,69.96,
Sludge,25.83,4.14,4.23,22.70,93.00,46.67,10.23,43.10,200,120,66.04,27.83,2.57,1.95,8.53,11.58,72.21,71.15,
Sludge,25.83,4.14,4.23,22.70,93.00,46.67,10.23,43.10,220,60,65.89,27.23,2.54,1.91,6.54,11.70,72.76,69.46,
Sludge,25.83,4.14,4.23,22.70,93.00,46.67,10.23,43.10,240,90,61.83,27.87,2.51,1.95,5.57,12.01,70.11,66.71,
Sludge,31.61,5.24,4.34,24.62,83.00,60.67,5.14,34.19,160,600,70.75,29.00,4.71,2.71,18.56,13.20,67.81,64.91,
Sludge,31.61,5.24,4.34,24.62,83.00,60.67,5.14,34.19,180,600,67.22,29.23,4.63,2.39,15.98,13.58,66.32,62.16,
Sludge,31.61,5.24,4.34,24.62,83.00,60.67,5.14,34.19,200,600,65.05,29.97,4.45,2.10,14.39,13.90,65.68,61.68,
Sludge,31.61,5.24,4.34,24.62,83.00,60.67,5.14,34.19,220,600,61.73,28.81,4.25,2.02,14.60,13.20,59.16,56.26,
Sludge,31.61,5.24,4.34,24.62,83.00,60.67,5.14,34.19,240,600,59.85,30.65,4.19,2.15,8.58,14.77,64.19,58.03,
Sludge,36.70,6.40,5.50,22.80,85.70,69.98,1.42,28.60,200,240,53.90,33.30,4.41,1.94,16.43,14.62,45.13,48.91,
Sludge,36.70,6.40,5.50,22.80,85.70,69.98,1.42,28.60,200,360,58.60,33.20,4.29,1.94,15.94,14.50,48.66,53.01,
Sludge,36.70,6.40,5.50,22.80,85.70,69.98,1.42,28.60,200,480,59.80,32.60,4.21,2.28,16.52,14.10,48.28,53.12,
Sludge,36.70,6.40,5.50,22.80,85.70,69.98,1.42,28.60,200,600,60.20,32.50,4.09,2.28,14.73,14.23,49.04,53.31,
Sludge,36.70,6.40,5.50,22.80,85.70,69.98,1.42,28.60,200,720,60.40,32.50,4.09,2.28,14.30,14.25,49.27,53.49,
Sludge,22.65,3.22,1.32,25.37,93.75,47.38,5.18,47.44,180,30,78.00,20.91,2.60,0.73,20.91,7.06,71.18,72.01,
Sludge,22.65,3.22,1.32,25.37,93.75,47.38,5.18,47.44,210,30,76.00,20.32,2.30,0.47,18.97,6.77,66.57,68.18,
Sludge,22.65,3.22,1.32,25.37,93.75,47.38,5.18,47.44,240,30,72.50,19.66,1.97,0.46,17.30,6.34,59.48,62.93,
Sludge,22.65,3.22,1.32,25.37,93.75,47.38,5.18,47.44,270,30,68.00,19.17,1.89,0.45,14.82,6.54,57.49,57.55,
Sludge,22.65,3.22,1.32,25.37,93.75,47.38,5.18,47.44,300,30,65.00,19.11,1.70,0.45,12.49,6.66,56.02,54.84,
Sludge,51.20,6.64,8.85,14.61,90.00,79.27,2.03,18.70,180,15,62.26,52.19,6.57,9.13,30.81,25.25,65.06,63.46,
Sludge,51.20,6.64,8.85,14.61,90.00,79.27,2.03,18.70,180,30,60.07,53.20,6.52,8.69,29.91,25.89,64.35,62.41,
Sludge,51.20,6.64,8.85,14.61,90.00,79.27,2.03,18.70,180,45,58.08,55.31,6.68,9.03,27.55,27.70,66.58,62.74,
Sludge,51.20,6.64,8.85,14.61,90.00,79.27,2.03,18.70,200,15,59.73,55.07,6.70,8.99,27.62,27.48,67.92,64.24,
Sludge,51.20,6.64,8.85,14.61,90.00,79.27,2.03,18.70,200,30,58.56,57.44,6.65,8.71,25.61,28.67,69.48,65.70,
Sludge,51.20,6.64,8.85,14.61,90.00,79.27,2.03,18.70,200,45,56.78,59.23,6.66,8.29,24.84,29.54,69.40,65.69,
Sludge,51.20,6.64,8.85,14.61,90.00,79.27,2.03,18.70,220,15,58.36,59.31,6.67,9.00,23.80,29.56,71.39,67.60,
Sludge,51.20,6.64,8.85,14.61,90.00,79.27,2.03,18.70,220,30,55.55,60.00,6.45,8.40,24.13,29.47,67.74,65.10,
Sludge,51.20,6.64,8.85,14.61,90.00,79.27,2.03,18.70,220,45,54.18,62.31,6.28,8.72,21.47,30.02,67.31,65.93,
Sludge,51.20,6.64,8.85,14.61,90.00,79.27,2.03,18.70,240,15,54.59,61.29,6.28,9.30,22.17,29.64,66.95,65.35,
Sludge,51.20,6.64,8.85,14.61,90.00,79.27,2.03,18.70,240,30,52.60,62.62,5.95,8.04,21.93,29.66,64.56,64.34,
Sludge,51.20,6.64,8.85,14.61,90.00,79.27,2.03,18.70,240,45,50.21,67.96,5.72,8.72,16.25,31.11,64.63,66.64,
Sludge,21.86,3.37,3.83,29.14,83.00,55.00,3.20,41.80,220,60,59.07,23.64,2.84,2.48,11.03,10.05,84.73,63.88,
Sludge,36.63,5.79,5.29,24.75,95.70,68.56,3.90,27.54,140,240,74.64,37.15,5.32,4.77,30.22,14.82,68.16,75.70,
Sludge,36.63,5.79,5.29,24.75,95.70,68.56,3.90,27.54,160,60,81.13,37.69,5.75,4.40,19.10,17.56,87.80,83.48,
Sludge,36.63,5.79,5.29,24.75,95.70,68.56,3.90,27.54,160,120,71.08,38.02,5.64,4.44,20.28,17.27,75.66,73.78,
Sludge,36.63,5.79,5.29,24.75,95.70,68.56,3.90,27.54,160,240,67.11,38.07,5.42,3.55,18.27,17.32,71.62,69.75,
Sludge,36.63,5.79,5.29,24.75,95.70,68.56,3.90,27.54,180,30,70.74,37.83,5.49,3.97,19.17,17.19,74.95,73.06,
Sludge,36.63,5.79,5.29,24.75,95.70,68.56,3.90,27.54,180,60,67.18,37.93,5.37,3.98,18.71,17.13,70.94,69.56,
Sludge,36.63,5.79,5.29,24.75,95.70,68.56,3.90,27.54,180,120,64.31,38.16,5.31,2.67,16.28,17.62,69.83,67.00,
Sludge,36.63,5.79,5.29,24.75,95.70,68.56,3.90,27.54,180,240,61.87,38.29,5.20,2.68,14.81,17.74,67.64,64.67,
Sludge,36.63,5.79,5.29,24.75,95.70,68.56,3.90,27.54,200,15,69.32,37.69,5.40,3.08,18.09,17.25,73.68,71.33,
Sludge,36.63,5.79,5.29,24.75,95.70,68.56,3.90,27.54,200,30,66.83,37.85,5.39,3.09,17.66,17.37,71.55,69.06,
Sludge,36.63,5.79,5.29,24.75,95.70,68.56,3.90,27.54,200,60,64.06,37.95,5.22,2.66,18.22,17.04,67.25,66.37,
Sludge,36.63,5.79,5.29,24.75,95.70,68.56,3.90,27.54,200,120,61.26,38.86,5.15,2.72,15.03,17.77,67.09,64.99,
Sludge,36.63,5.79,5.29,24.75,95.70,68.56,3.90,27.54,200,240,60.54,39.24,5.13,2.75,14.13,18.04,67.31,64.85,
Sludge,29.60,4.30,4.35,21.15,89.00,51.13,8.27,40.60,200,240,51.00,26.20,3.14,2.45,11.88,11.22,46.25,45.14,
Sludge,38.55,6.46,8.05,20.88,96.20,66.87,7.07,26.06,180,30,93.90,39.98,5.93,7.00,17.59,18.82,95.44,97.38,
Sludge,38.55,6.46,8.05,20.88,96.20,66.87,7.07,26.06,200,30,92.60,40.39,5.79,7.07,17.23,18.82,94.13,97.02,
Sludge,38.55,6.46,8.05,20.88,96.20,66.87,7.07,26.06,220,30,88.70,41.60,5.41,6.31,13.31,19.35,92.71,95.72,
Sludge,38.55,6.46,8.05,20.88,96.20,66.87,7.07,26.06,250,30,83.40,45.23,4.79,6.33,4.82,21.22,95.58,97.85,
Sludge,38.55,6.46,8.05,20.88,96.20,66.87,7.07,26.06,280,30,80.40,48.45,4.12,5.09,2.58,21.83,94.77,101.05,
Sludge,39.72,5.91,7.15,26.31,88.00,71.53,7.56,20.91,220,30,39.78,40.42,4.65,3.77,12.40,18.06,41.87,40.48,
Sludge,34.78,3.93,5.04,22.93,82.50,58.54,8.14,33.32,160,30,68.80,35.53,4.20,4.97,16.58,15.04,77.91,70.28,
Sludge,34.78,3.93,5.04,22.93,82.50,58.54,8.14,33.32,220,30,73.40,33.21,3.90,1.94,15.94,13.99,77.35,70.09,
Sludge,34.78,3.93,5.04,22.93,82.50,58.54,8.14,33.32,250,30,56.80,38.03,4.88,4.44,15.72,16.98,72.63,62.11,
Sludge,46.93,6.11,4.17,25.36,75.00,76.76,5.82,17.43,140,240,72.75,44.43,5.81,2.59,23.70,19.11,69.31,68.87,
Sludge,46.93,6.11,4.17,25.36,75.00,76.76,5.82,17.43,170,240,66.75,45.77,5.99,2.14,21.36,20.24,67.36,65.10,
Sludge,46.93,6.11,4.17,25.36,75.00,76.76,5.82,17.43,190,240,62.40,45.58,5.70,2.13,21.27,19.71,61.33,60.60,
Sludge,46.93,6.11,4.17,25.36,75.00,76.76,5.82,17.43,200,240,62.15,46.17,5.81,1.62,19.70,20.34,63.04,61.14,
Sludge,25.03,4.21,4.86,16.05,90.00,47.49,2.66,49.85,180,30,66.18,21.23,3.50,1.73,5.10,11.26,64.22,56.13,
Sludge,25.03,4.21,4.86,16.05,90.00,47.49,2.66,49.85,220,30,60.58,19.62,3.22,1.37,3.92,10.54,55.02,47.49,
Sludge,25.03,4.21,4.86,16.05,90.00,47.49,2.66,49.85,260,30,56.23,24.27,3.92,1.70,7.77,12.40,60.10,54.52,
Sludge,25.03,4.21,4.86,16.05,90.00,47.49,2.66,49.85,300,30,53.00,21.94,3.36,1.02,2.63,11.74,53.62,46.46,
Sludge,25.03,4.21,4.86,16.05,90.00,47.49,2.66,49.85,260,60,58.51,24.49,3.67,1.71,5.22,12.62,63.63,57.25,
Sludge,25.03,4.21,4.86,16.05,90.00,47.49,2.66,49.85,260,60,59.37,24.13,3.72,1.41,8.69,11.93,61.06,57.24,
Sludge,25.03,4.21,4.86,16.05,90.00,47.49,2.66,49.85,260,360,63.32,19.90,3.23,1.16,5.84,10.29,56.19,50.34,
Sludge,25.03,4.21,4.86,16.05,90.00,47.49,2.66,49.85,260,480,66.19,24.12,3.70,1.41,11.26,11.41,65.12,63.78,
Sludge,43.79,6.58,9.58,24.64,90.42,84.59,0.00,15.41,160,60,62.11,44.56,6.50,7.80,41.00,17.02,53.41,63.20,
Sludge,43.79,6.58,9.58,24.64,90.42,84.59,0.00,15.41,200,60,43.15,46.16,6.54,7.00,40.01,17.77,38.74,45.49,
Sludge,43.79,6.58,9.58,24.64,90.42,84.59,0.00,15.41,240,60,32.42,49.81,6.56,5.23,37.86,19.38,31.75,36.88,
Sludge,32.60,4.80,5.50,21.20,80.00,55.90,8.20,35.90,250,1200,25.60,27.80,3.89,1.95,10.38,13.08,23.78,21.83,
Sludge,36.00,5.80,5.50,29.60,83.30,73.20,3.70,23.10,180,30,82.20,38.00,5.51,4.88,25.33,16.16,87.60,86.77,
Sludge,36.00,5.80,5.50,29.60,83.30,73.20,3.70,23.10,220,30,60.40,39.60,5.31,5.08,22.70,16.88,67.23,66.44,
Sludge,36.00,5.80,5.50,29.60,83.30,73.20,3.70,23.10,260,30,50.20,38.70,5.10,4.06,20.64,16.66,55.17,53.97,
Lignin/cellulose,45.03,5.70,0.44,44.93,90.00,75.48,20.62,3.90,160,60,79.90,47.67,5.84,0.56,43.86,16.60,86.39,84.58,
Lignin/cellulose,45.03,5.70,0.44,44.93,90.00,75.48,20.62,3.90,180,60,65.20,49.30,5.75,0.58,41.41,17.49,74.29,71.38,
Lignin/cellulose,45.03,5.70,0.44,44.93,90.00,75.48,20.62,3.90,200,60,61.30,51.95,5.80,0.61,36.71,19.33,77.19,70.72,
Lignin/cellulose,45.03,5.70,0.44,44.93,90.00,75.48,20.62,3.90,220,60,57.30,54.35,5.84,0.63,34.78,20.49,76.46,69.16,
Lignin/cellulose,45.03,5.70,0.44,44.93,90.00,75.48,20.62,3.90,240,60,49.20,60.68,5.56,0.71,29.94,23.13,74.13,66.30,
Lignin/cellulose,43.10,5.80,0.23,46.67,90.00,78.60,17.20,4.20,190,90,67.00,46.70,5.49,0.00,44.21,15.81,72.91,72.60,
Lignin/cellulose,43.10,5.80,0.23,46.67,90.00,78.60,17.20,4.20,210,90,58.00,51.40,5.40,0.00,37.01,18.52,73.92,69.17,
Lignin/cellulose,43.10,5.80,0.23,46.67,90.00,78.60,17.20,4.20,230,90,49.00,64.00,4.91,0.75,24.75,24.23,81.68,72.76,
Lignin/cellulose,43.10,5.80,0.23,46.67,90.00,78.60,17.20,4.20,250,90,44.00,65.00,4.60,0.76,23.40,24.33,73.67,66.36,
Lignin/cellulose,43.10,5.80,0.23,46.67,90.00,78.60,17.20,4.20,270,90,40.00,65.60,4.37,0.77,23.62,24.24,66.71,60.88,
Lignin/cellulose,43.10,5.80,0.23,46.67,90.00,78.60,17.20,4.20,290,90,39.50,66.70,4.39,0.78,21.34,24.96,67.85,61.13,
Lignin/cellulose,43.10,5.80,0.23,46.67,90.00,78.60,17.20,4.20,310,90,38.50,67.70,4.51,0.79,20.76,25.56,67.72,60.47,
Lignin/cellulose,43.10,5.80,0.23,46.67,90.00,78.60,17.20,4.20,330,90,37.00,67.30,4.21,0.79,23.33,24.59,62.62,57.77,
Lignin/cellulose,43.10,5.80,0.23,46.67,90.00,78.60,17.20,4.20,350,90,34.00,71.60,4.00,0.84,17.18,26.80,62.70,56.48,
Lignin/cellulose,43.10,5.80,0.23,46.67,90.00,78.60,17.20,4.20,370,90,33.00,70.30,4.28,0.82,17.81,26.71,60.65,53.83,
Food waste,53.86,3.02,7.55,17.17,90.25,78.62,2.98,18.40,200,30,75.00,64.92,2.98,7.57,6.06,25.18,97.03,90.40,
Food waste,53.86,3.02,7.55,17.17,90.25,78.62,2.98,18.40,230,30,74.50,68.50,2.85,7.99,0.00,27.24,104.28,94.75,
Food waste,53.86,3.02,7.55,17.17,90.25,78.62,2.98,18.40,260,30,68.50,70.53,2.82,8.23,3.76,28.60,100.67,89.70,
Food waste,43.53,6.20,1.23,47.49,92.00,83.64,14.81,1.55,190,15,36.00,62.45,5.41,0.73,30.81,23.36,55.70,51.65,
Food waste,43.53,6.20,1.23,47.49,92.00,83.64,14.81,1.55,225,15,36.00,64.20,5.35,0.75,29.10,24.07,57.38,53.09,
Food waste,43.53,6.20,1.23,47.49,92.00,83.64,14.81,1.55,260,15,39.00,66.81,5.01,0.78,26.72,24.98,64.52,59.86,
Food waste,47.94,6.66,1.96,40.97,92.00,81.65,15.88,2.47,190,15,27.00,55.89,7.08,2.61,33.53,23.05,33.82,31.48,
Food waste,47.94,6.66,1.96,40.97,92.00,81.65,15.88,2.47,225,15,27.00,62.10,6.93,2.17,28.15,25.91,38.01,34.97,
Food waste,47.94,6.66,1.96,40.97,92.00,81.65,15.88,2.47,260,15,27.00,67.48,7.09,2.36,22.49,28.89,42.38,38.01,
Food waste,44.15,6.44,0.62,46.79,92.00,83.14,14.86,2.00,190,15,36.00,53.89,6.20,0.63,37.36,20.38,46.51,43.94,
Food waste,44.15,6.44,0.62,46.79,92.00,83.14,14.86,2.00,225,15,28.00,61.23,6.33,0.71,31.02,24.15,42.87,38.83,
Food waste,44.15,6.44,0.62,46.79,92.00,83.14,14.86,2.00,260,15,30.00,64.90,5.79,0.76,26.83,25.42,48.33,44.10,
Food waste,44.14,6.18,1.27,41.91,92.00,76.22,17.28,6.50,190,15,38.00,55.73,5.48,1.30,34.18,20.53,47.95,47.98,
Food waste,44.14,6.18,1.27,41.91,92.00,76.22,17.28,6.50,225,15,40.00,61.46,5.17,1.43,30.32,22.80,56.06,55.70,
Food waste,44.14,6.18,1.27,41.91,92.00,76.22,17.28,6.50,260,15,45.00,63.91,5.06,1.49,24.71,24.38,67.42,65.16,
Lignin/cellulose,46.66,6.00,0.21,46.33,92.00,87.59,11.61,0.80,190,15,78.00,48.76,5.97,0.00,44.86,17.05,82.69,81.51,
Lignin/cellulose,46.66,6.00,0.21,46.33,92.00,87.59,11.61,0.80,225,15,64.00,49.62,5.91,0.00,43.67,17.47,69.54,68.06,
Lignin/cellulose,46.66,6.00,0.21,46.33,92.00,87.59,11.61,0.80,260,15,48.00,65.33,4.95,0.00,28.75,24.08,71.88,67.21,
Food waste,42.50,5.80,3.20,28.10,80.00,54.09,25.51,20.40,250,1200,43.80,67.60,5.80,4.73,0.00,31.10,77.26,69.67,
Food waste,49.48,6.86,2.84,34.29,83.00,76.05,17.42,6.53,180,60,86.00,56.14,6.92,1.96,31.44,23.30,98.25,97.58,
Food waste,49.48,6.86,2.84,34.29,83.00,76.05,17.42,6.53,200,60,78.00,58.63,7.08,2.05,28.92,24.80,94.83,92.42,
Food waste,49.48,6.86,2.84,34.29,83.00,76.05,17.42,6.53,220,60,66.00,60.51,6.50,2.12,23.40,25.51,82.54,80.71,
Food waste,41.96,8.01,3.45,35.08,80.00,72.60,15.90,11.50,180,60,53.82,65.51,7.37,3.06,14.85,30.02,83.50,84.03,
Food waste,41.96,8.01,3.45,35.08,80.00,72.60,15.90,11.50,200,60,45.52,66.49,7.15,3.10,15.07,30.02,70.63,72.13,
Food waste,41.96,8.01,3.45,35.08,80.00,72.60,15.90,11.50,220,60,40.25,68.54,6.74,3.20,14.62,30.17,62.76,65.75,
Food waste,41.96,8.01,3.45,35.08,80.00,72.60,15.90,11.50,240,60,38.20,69.36,6.94,4.05,12.02,31.14,61.47,63.14,
Food waste,41.96,8.01,3.45,35.08,80.00,72.60,15.90,11.50,260,60,35.01,71.96,7.38,4.20,10.55,33.00,59.71,60.04,
Lignin/cellulose,46.30,7.01,1.61,43.15,87.50,88.60,9.47,1.93,180,120,36.70,58.90,5.35,2.75,30.63,22.08,45.12,46.69,
Lignin/cellulose,46.30,7.01,1.61,43.15,87.50,88.60,9.47,1.93,180,560,47.20,64.80,5.99,3.02,25.06,26.04,68.44,66.06,
Lignin/cellulose,51.90,7.44,4.38,32.18,87.50,83.80,12.10,4.10,180,720,55.60,67.30,5.55,2.36,23.33,26.51,82.07,80.82,
Lignin/cellulose,51.90,7.44,4.38,32.18,87.50,83.80,12.10,4.10,215,120,51.90,67.60,5.63,2.37,22.53,26.91,77.76,75.78,
Lignin/cellulose,51.90,7.44,4.38,32.18,87.50,83.80,12.10,4.10,215,560,52.60,65.90,5.44,2.31,24.60,25.66,75.13,74.87,
Lignin/cellulose,51.90,7.44,4.38,32.18,87.50,83.80,12.10,4.10,215,720,52.70,68.70,5.50,2.40,21.07,27.28,80.03,78.20,
Lignin/cellulose,51.90,7.44,4.38,32.18,87.50,83.80,12.10,4.10,250,120,49.40,65.60,5.52,3.06,24.49,25.67,70.59,69.99,
Lignin/cellulose,51.90,7.44,4.38,32.18,87.50,83.80,12.10,4.10,250,560,48.30,66.00,5.39,2.31,24.64,25.66,68.99,68.85,
Lignin/cellulose,51.90,7.44,4.38,32.18,87.50,83.80,12.10,4.10,250,720,47.50,66.40,5.48,3.10,23.90,26.02,68.81,68.12,
Food waste,45.33,6.16,13.42,22.32,87.50,86.50,0.73,12.77,180,120,72.90,59.30,7.31,4.84,24.51,26.15,85.02,83.29,
Food waste,45.33,6.16,13.42,22.32,87.50,86.50,0.73,12.77,180,560,71.70,60.90,7.21,4.97,22.74,26.86,85.92,84.13,
Food waste,45.33,6.16,13.42,22.32,87.50,86.50,0.73,12.77,180,720,70.90,61.80,7.26,4.33,22.25,27.36,86.54,84.42,
Food waste,45.33,6.16,13.42,22.32,87.50,86.50,0.73,12.77,215,120,64.80,63.50,7.36,4.45,20.32,28.36,81.99,79.28,
Food waste,45.33,6.16,13.42,22.32,87.50,86.50,0.73,12.77,215,560,59.20,66.00,7.43,4.62,17.60,29.79,78.67,75.28,
Food waste,45.33,6.16,13.42,22.32,87.50,86.50,0.73,12.77,215,720,56.10,67.30,7.40,4.71,15.25,30.60,76.57,72.75,
Food waste,45.33,6.16,13.42,22.32,87.50,86.50,0.73,12.77,250,120,51.50,69.50,7.47,4.87,12.97,31.82,73.10,68.96,
Food waste,45.33,6.16,13.42,22.32,87.50,86.50,0.73,12.77,250,560,49.20,70.20,7.72,4.10,13.10,32.44,71.20,66.55,
Food waste,45.33,6.16,13.42,22.32,87.50,86.50,0.73,12.77,250,720,45.00,69.70,7.43,4.07,13.01,31.86,63.95,60.43,
Food waste,43.09,6.91,11.47,23.80,50.00,83.77,1.50,14.73,150,60,17.79,27.35,3.62,3.83,36.47,7.93,7.01,10.73,
Food waste,43.09,6.91,11.47,23.80,50.00,83.77,1.50,14.73,150,90,21.54,38.72,4.97,5.42,23.75,15.93,17.05,18.40,
Food waste,43.09,6.91,11.47,23.80,50.00,83.77,1.50,14.73,150,120,20.70,42.10,5.30,6.39,20.21,18.15,18.67,19.22,
Food waste,43.09,6.91,11.47,23.80,50.00,83.77,1.50,14.73,180,60,22.91,54.51,6.27,7.63,4.36,26.59,30.27,27.55,
Food waste,43.09,6.91,11.47,23.80,50.00,83.77,1.50,14.73,180,90,26.70,51.76,5.95,7.25,11.73,23.84,31.63,30.49,
Food waste,43.09,6.91,11.47,23.80,50.00,83.77,1.50,14.73,180,120,30.75,48.09,5.37,6.73,19.88,20.43,31.20,32.62,
Food waste,43.09,6.91,11.47,23.80,50.00,83.77,1.50,14.73,210,60,21.95,52.86,5.81,6.78,13.39,23.81,25.97,25.60,
Food waste,43.09,6.91,11.47,23.80,50.00,83.77,1.50,14.73,210,90,29.27,49.41,5.85,6.92,16.47,22.11,32.15,31.90,
Food waste,43.09,6.91,11.47,23.80,50.00,83.77,1.50,14.73,210,120,34.49,49.78,5.56,6.97,16.59,21.74,37.24,37.87,
Food waste,39.00,7.32,5.70,41.57,50.00,79.11,14.48,6.41,150,60,18.52,39.02,5.46,4.55,26.01,16.36,15.02,16.77,
Food waste,39.00,7.32,5.70,41.57,50.00,79.11,14.48,6.41,150,90,22.78,44.45,6.15,5.19,20.15,20.24,22.86,23.50,
Food waste,39.00,7.32,5.70,41.57,50.00,79.11,14.48,6.41,150,120,20.70,45.08,6.24,5.26,19.84,20.60,21.14,21.66,
Food waste,39.00,7.32,5.70,41.57,50.00,79.11,14.48,6.41,180,60,27.62,42.72,5.45,4.98,22.78,18.13,24.82,27.38,
Food waste,39.00,7.32,5.70,41.57,50.00,79.11,14.48,6.41,180,90,27.18,45.96,6.01,4.83,20.84,20.38,27.46,28.99,
Food waste,39.00,7.32,5.70,41.57,50.00,79.11,14.48,6.41,180,120,28.74,45.73,6.06,4.80,21.34,20.30,28.92,30.50,
Food waste,39.00,7.32,5.70,41.57,50.00,79.11,14.48,6.41,210,60,24.87,46.45,5.84,4.88,20.44,20.38,25.12,26.81,
Food waste,39.00,7.32,5.70,41.57,50.00,79.11,14.48,6.41,210,90,28.48,47.21,5.82,4.96,20.77,20.57,29.04,31.20,
Food waste,39.00,7.32,5.70,41.57,50.00,79.11,14.48,6.41,210,120,35.41,49.23,5.78,5.74,17.72,21.72,38.13,40.46,
Food waste,51.14,7.63,3.45,26.31,75.00,72.55,15.98,11.47,200,60,7.00,62.83,7.23,4.40,20.94,27.82,12.01,11.28,
Food waste,51.14,7.63,3.45,26.31,75.00,72.55,15.98,11.47,250,60,5.95,68.10,7.09,4.77,17.25,30.05,11.03,10.39,
Food waste,51.14,7.63,3.45,26.31,75.00,72.55,15.98,11.47,300,60,5.25,73.00,7.00,5.11,12.65,32.42,10.50,9.83,
Food waste,61.94,7.22,6.51,10.97,89.00,80.17,6.47,13.36,200,60,56.15,66.11,7.11,2.31,13.22,30.13,72.07,72.59,
Food waste,61.94,7.22,6.51,10.97,89.00,80.17,6.47,13.36,230,60,39.76,70.07,6.89,3.27,11.21,31.49,53.34,54.48,
Food waste,61.94,7.22,6.51,10.97,89.00,80.17,6.47,13.36,260,60,35.71,72.54,6.83,3.39,7.74,32.94,50.10,50.65,
Food waste,61.94,7.22,6.51,10.97,89.00,80.17,6.47,13.36,200,180,48.43,66.56,7.10,2.33,14.20,30.08,62.05,63.03,
Food waste,61.94,7.22,6.51,10.97,89.00,80.17,6.47,13.36,230,180,40.90,70.04,7.12,3.27,11.21,31.84,55.48,56.02,
Food waste,61.94,7.22,6.51,10.97,89.00,80.17,6.47,13.36,260,180,33.28,72.97,6.81,3.41,6.81,33.13,46.97,47.49,
Food waste,61.94,7.22,6.51,10.97,89.00,80.17,6.47,13.36,200,480,44.56,68.09,7.04,3.18,11.80,30.96,58.77,59.33,
Food waste,61.94,7.22,6.51,10.97,89.00,80.17,6.47,13.36,230,480,38.80,69.20,6.98,4.04,10.15,31.46,52.00,52.50,
Food waste,61.94,7.22,6.51,10.97,89.00,80.17,6.47,13.36,260,480,30.27,73.69,6.69,3.44,5.90,33.44,43.12,43.62,
Lignin/cellulose,49.15,5.51,0.59,42.24,83.00,77.68,19.81,2.51,170,30,78.40,61.24,6.79,4.29,12.25,28.25,75.65,77.51,
Lignin/cellulose,49.15,5.51,0.59,42.24,83.00,77.68,19.81,2.51,180,30,77.50,61.93,6.97,4.34,10.73,28.90,76.52,77.49,
Lignin/cellulose,49.15,5.51,0.59,42.24,83.00,77.68,19.81,2.51,190,30,75.10,62.03,6.82,3.62,11.58,28.63,73.44,75.21,
Lignin/cellulose,49.15,5.51,0.59,42.24,83.00,77.68,19.81,2.51,200,30,73.20,62.28,6.75,4.36,10.80,28.69,71.74,73.60,
Lignin/cellulose,49.15,5.51,0.59,42.24,83.00,77.68,19.81,2.51,220,30,57.50,65.96,6.27,4.62,7.04,29.98,58.88,61.23,
Food waste,52.76,5.56,1.89,34.39,89.00,72.60,22.00,5.40,220,60,63.73,53.63,5.45,0.63,37.18,19.28,72.46,69.54,
Food waste,52.76,5.56,1.89,34.39,89.00,72.60,22.00,5.40,220,120,56.81,55.68,5.43,0.65,34.89,20.32,68.08,64.36,
Food waste,52.76,5.56,1.89,34.39,89.00,72.60,22.00,5.40,220,180,52.22,57.90,5.21,0.68,32.42,21.29,65.57,61.52,
Food waste,52.76,5.56,1.89,34.39,89.00,72.60,22.00,5.40,180,120,72.42,51.32,5.43,0.60,39.69,18.06,77.16,75.62,
Food waste,52.76,5.56,1.89,34.39,89.00,72.60,22.00,5.40,260,120,46.59,64.90,4.92,0.76,25.09,24.49,67.31,61.52,
Food waste,42.75,5.88,1.98,44.09,83.00,41.00,53.70,5.30,220,10,64.33,61.61,5.85,2.16,27.93,24.23,79.37,75.12,
Food waste,42.75,5.88,1.98,44.09,80.00,41.00,53.70,5.30,220,10,69.40,61.89,6.09,2.17,27.23,24.70,87.28,81.41,
Food waste,42.75,5.88,1.98,44.09,80.00,41.00,53.70,5.30,220,10,75.25,61.30,5.82,2.15,26.97,24.23,92.84,87.43,
Food waste,42.75,5.88,1.98,44.09,80.00,41.00,53.70,5.30,220,10,73.60,61.28,5.87,2.14,26.96,24.33,91.16,85.49,
Food waste,42.75,5.88,1.98,44.09,83.00,41.00,53.70,5.30,220,20,51.59,56.59,5.42,2.64,30.18,21.51,74.04,68.29,
Food waste,42.75,5.88,1.98,44.09,80.00,41.00,53.70,5.30,220,20,55.76,56.76,5.16,2.65,29.52,21.35,79.42,74.03,
Food waste,42.75,5.88,1.98,44.09,80.00,41.00,53.70,5.30,220,20,57.47,56.22,5.39,2.62,29.23,21.55,82.64,75.58,
Food waste,42.75,5.88,1.98,44.09,80.00,41.00,53.70,5.30,220,20,57.54,58.31,5.15,2.72,26.43,22.29,85.59,78.49,
Manure,35.70,5.27,9.61,41.22,30.00,68.30,23.50,8.20,225,120,42.21,57.57,4.65,4.03,27.63,21.24,73.22,68.06,
Manure,35.70,5.27,9.61,41.22,30.00,68.30,23.50,8.20,250,120,40.15,63.87,5.43,5.22,19.59,25.91,84.95,71.84,
Manure,35.70,5.27,9.61,41.22,30.00,68.30,23.50,8.20,275,120,32.76,62.01,6.30,5.79,21.50,26.11,69.86,56.90,
Manure,35.70,5.27,9.61,41.22,30.00,68.30,23.50,8.20,300,120,53.16,53.57,3.71,5.62,24.29,19.01,82.53,79.77,
Manure,34.26,4.83,2.67,17.04,70.00,39.40,19.40,41.20,200,120,58.76,33.77,4.22,2.36,15.31,14.67,55.85,57.92,
Manure,34.26,4.83,2.67,17.04,70.00,39.40,19.40,41.20,220,120,42.30,26.59,3.10,1.86,12.41,11.19,30.67,32.83,
Manure,34.26,4.83,2.67,17.04,70.00,39.40,19.40,41.20,240,120,47.59,25.77,2.99,1.80,10.65,11.04,34.04,35.80,
Manure,40.85,6.30,3.73,31.72,86.00,81.51,1.09,17.40,220,600,49.78,51.51,6.27,3.00,17.86,23.14,67.21,62.77,
Manure,39.57,5.78,3.37,34.12,80.00,81.41,1.43,17.16,180,600,66.38,46.22,5.74,3.24,23.42,19.59,83.67,77.54,
Manure,39.57,5.78,3.37,34.12,80.00,81.41,1.43,17.16,200,600,61.56,46.84,5.66,2.73,19.99,20.40,80.79,72.87,
Manure,39.57,5.78,3.37,34.12,80.00,81.41,1.43,17.16,220,600,55.54,50.64,5.44,2.95,17.56,21.76,77.76,71.08,
Manure,39.57,5.78,3.37,34.12,95.00,81.41,1.43,17.16,200,240,58.34,39.74,4.21,1.39,48.75,10.71,59.69,64.03,
Manure,36.21,5.14,2.39,51.16,95.00,70.72,24.18,5.10,220,240,51.55,41.60,4.16,1.94,38.83,13.12,64.60,59.22,
Manure,36.21,5.14,2.39,51.16,95.00,70.72,24.18,5.10,240,240,49.60,42.00,4.10,1.96,38.64,13.18,62.49,57.53,
Manure,36.21,5.14,2.39,51.16,95.00,70.72,24.18,5.10,260,240,44.41,42.14,4.00,1.97,38.21,13.15,55.81,51.68,
Manure,36.21,5.14,2.39,51.16,95.00,70.72,24.18,5.10,280,240,43.48,41.59,3.99,1.94,38.82,12.86,53.45,49.94,
Manure,44.80,5.20,2.30,31.25,83.00,74.14,9.41,16.45,180,5,93.60,46.50,5.19,2.17,29.14,17.94,98.77,97.15,
Manure,44.80,5.20,2.30,31.25,83.00,74.14,9.41,16.45,220,5,66.60,49.20,5.21,1.72,22.30,20.09,78.74,73.14,
Manure,44.80,5.20,2.30,31.25,83.00,74.14,9.41,16.45,260,5,48.30,52.10,5.21,1.82,17.37,21.90,62.23,56.17,
Manure,44.80,5.20,2.30,31.25,83.00,74.14,9.41,16.45,180,30,84.00,46.60,5.20,2.17,27.34,18.27,90.32,87.38,
Manure,44.80,5.20,2.30,31.25,83.00,74.14,9.41,16.45,220,30,69.80,50.40,5.29,2.35,19.49,21.18,86.99,78.53,
Manure,44.80,5.20,2.30,31.25,83.00,74.14,9.41,16.45,260,30,50.80,54.00,5.22,2.52,12.96,23.36,69.83,61.23,
Manure,42.22,5.59,4.19,31.63,37.00,72.95,10.67,16.37,150,30,87.17,44.04,5.73,3.08,34.64,16.85,88.44,90.93,
Manure,42.22,5.59,4.19,31.63,37.00,72.95,10.67,16.37,175,30,75.36,42.74,5.63,4.49,30.77,16.96,76.93,76.29,
Manure,42.22,5.59,4.19,31.63,37.00,72.95,10.67,16.37,200,30,41.80,51.39,6.00,3.60,23.98,21.67,54.54,50.88,
Manure,42.22,5.59,4.19,31.63,37.00,72.95,10.67,16.37,225,30,38.39,50.93,5.86,3.57,20.37,21.93,50.68,46.31,
Manure,42.22,5.59,4.19,31.63,37.00,72.95,10.67,16.37,250,30,32.74,55.23,5.57,5.15,5.89,25.51,50.28,42.83,
Manure,42.22,5.59,4.19,31.63,37.00,72.95,10.67,16.37,275,30,26.37,50.21,4.77,4.10,6.69,22.53,35.77,31.36,
Manure,42.22,5.59,4.19,31.63,37.00,72.95,10.67,16.37,300,30,29.51,57.55,5.56,4.70,0.77,27.21,48.34,40.23,
Manure,42.22,5.59,4.19,31.63,37.00,72.95,10.67,16.37,150,120,80.46,42.92,5.54,4.01,31.47,16.82,81.49,81.79,
Manure,42.22,5.59,4.19,31.63,37.00,72.95,10.67,16.37,175,120,41.94,48.45,5.77,3.39,27.78,19.63,49.57,48.13,
Manure,42.22,5.59,4.19,31.63,37.00,72.95,10.67,16.37,200,120,45.76,52.04,6.03,3.64,21.51,22.29,61.40,56.40,
Manure,42.22,5.59,4.19,31.63,37.00,72.95,10.67,16.37,225,120,35.41,51.92,5.58,4.24,14.54,22.95,48.93,43.55,
Manure,42.22,5.59,4.19,31.63,37.00,72.95,10.67,16.37,250,120,32.76,56.89,5.64,5.31,6.07,26.14,51.56,44.14,
Manure,42.22,5.59,4.19,31.63,37.00,72.95,10.67,16.37,275,120,30.08,55.25,5.34,4.51,5.16,25.34,45.89,39.36,
Manure,42.22,5.59,4.19,31.63,37.00,72.95,10.67,16.37,300,120,25.74,53.64,5.14,4.38,3.58,24.82,38.46,32.70,
Manure,42.22,5.59,4.19,31.63,37.00,72.95,10.67,16.37,150,480,71.36,45.10,5.68,4.21,29.47,18.14,77.94,76.23,
Manure,42.22,5.59,4.19,31.63,37.00,72.95,10.67,16.37,175,480,45.15,52.16,5.78,3.65,23.65,21.64,58.82,55.78,
Manure,42.22,5.59,4.19,31.63,37.00,72.95,10.67,16.37,200,480,39.88,52.34,5.67,3.66,17.45,22.72,54.55,49.44,
Manure,42.22,5.59,4.19,31.63,37.00,72.95,10.67,16.37,225,480,33.34,52.66,5.22,4.30,10.53,23.33,46.83,41.58,
Manure,42.22,5.59,4.19,31.63,37.00,72.95,10.67,16.37,250,480,32.75,56.43,5.50,4.61,6.02,25.85,50.98,43.77,
Manure,42.22,5.59,4.19,31.63,37.00,72.95,10.67,16.37,275,480,28.34,54.88,5.17,4.48,5.12,25.07,42.77,36.84,
Manure,42.22,5.59,4.19,31.63,37.00,72.95,10.67,16.37,300,480,23.13,49.83,4.44,4.07,3.99,22.44,31.25,27.30,
Manure,46.40,6.30,3.00,30.99,90.00,64.05,22.64,13.31,170,60,63.00,48.20,6.19,2.25,32.78,19.33,63.59,65.44,
Manure,46.40,6.30,3.00,30.99,90.00,64.05,22.64,13.31,250,60,51.00,55.70,6.08,2.60,17.08,24.50,65.24,61.22,
Manure,46.40,6.30,3.00,30.99,90.00,64.05,22.64,13.31,350,60,29.00,52.50,5.21,2.45,9.10,23.52,35.62,32.81,
Manure,46.40,6.30,3.00,30.99,90.00,64.05,22.64,13.31,500,30,18.00,49.70,2.69,2.32,4.64,19.78,18.60,19.28,
Manure,46.40,6.30,3.00,30.99,90.00,64.05,22.64,13.31,170,60,44.00,50.10,6.68,3.51,28.72,21.34,50.32,50.21,
Manure,46.40,6.30,3.00,30.99,90.00,64.05,22.64,13.31,250,60,32.00,59.90,6.49,4.89,12.78,27.25,46.74,43.66,
Manure,46.40,6.30,3.00,30.99,90.00,64.05,22.64,13.31,350,60,15.00,54.70,5.61,3.83,6.56,25.33,20.37,18.69,
Manure,46.40,6.30,3.00,30.99,90.00,64.05,22.64,13.31,500,30,11.00,48.90,3.02,2.85,3.26,20.24,11.93,12.25,
Manure,40.88,5.47,4.39,38.76,83.30,60.20,29.30,10.50,220,30,53.03,51.75,5.35,4.23,27.60,20.22,72.84,67.13,
Manure,40.88,5.47,4.39,38.76,80.00,60.20,29.30,10.50,220,30,58.68,50.96,5.27,4.16,27.86,19.76,78.78,73.15,
Manure,40.88,5.47,4.39,38.76,80.00,60.20,29.30,10.50,220,30,59.46,50.11,5.39,4.68,28.06,19.58,79.08,72.88,
Manure,40.88,5.47,4.39,38.76,80.00,60.20,29.30,10.50,220,30,62.45,49.96,5.20,4.66,28.64,19.22,81.55,76.32,
Manure,40.85,6.30,3.73,31.72,87.50,81.51,1.09,17.40,220,600,49.78,51.51,6.27,3.00,17.86,23.20,67.38,62.77,
Manure,44.80,5.20,2.30,30.97,83.30,74.81,8.46,16.73,180,5,93.60,46.50,5.19,2.17,29.14,17.94,98.48,97.15,
Manure,44.80,5.20,2.30,30.97,83.30,74.81,8.46,16.73,220,5,66.60,49.20,5.21,1.72,22.30,20.09,78.51,73.14,
Manure,44.80,5.20,2.30,30.97,83.30,74.81,8.46,16.73,260,5,48.30,52.10,5.21,1.82,17.37,21.89,62.03,56.17,
Manure,44.80,5.20,2.30,30.97,83.30,74.81,8.46,16.73,180,30,84.00,46.60,5.20,2.17,27.34,18.27,90.04,87.38,
Manure,44.80,5.20,2.30,30.97,83.30,74.81,8.46,16.73,220,30,69.80,50.40,5.29,2.35,19.49,21.17,86.71,78.53,
Manure,44.80,5.20,2.30,30.97,83.30,74.81,8.46,16.73,260,30,50.80,54.00,5.22,2.52,12.96,23.37,69.65,61.23,
Lignin/cellulose,47.11,6.71,0.22,43.50,80.00,80.02,17.58,2.40,200,30,58.60,52.12,6.31,0.18,39.46,20.94,59.68,64.83,
Lignin/cellulose,47.11,6.71,0.22,43.50,80.00,80.02,17.58,2.40,230,30,50.60,58.08,6.12,0.25,33.25,23.68,58.28,62.38,
Lignin/cellulose,47.11,6.71,0.22,43.50,80.00,80.02,17.58,2.40,260,30,38.10,67.51,5.58,0.35,22.44,27.98,51.85,54.60,
Lignin/cellulose,45.12,5.77,0.41,45.19,87.70,79.34,17.15,3.51,180,240,67.90,48.05,5.35,0.36,43.79,18.92,71.87,72.31,
Lignin/cellulose,45.12,5.77,0.41,45.19,87.70,79.34,17.15,3.51,200,240,62.24,50.10,5.25,0.39,41.65,19.70,68.59,69.11,
Lignin/cellulose,45.12,5.77,0.41,45.19,87.70,79.34,17.15,3.51,220,60,58.59,55.62,5.26,0.37,36.21,21.98,72.04,72.22,
Lignin/cellulose,45.12,5.77,0.41,45.19,87.70,79.34,17.15,3.51,220,120,56.26,61.21,5.24,0.38,30.65,24.47,77.02,76.32,
Lignin/cellulose,45.12,5.77,0.41,45.19,87.70,79.34,17.15,3.51,220,240,51.22,62.64,5.21,0.41,28.86,25.14,72.04,71.11,
Lignin/cellulose,45.12,5.77,0.41,45.19,87.70,79.34,17.15,3.51,220,720,49.78,67.36,5.00,0.40,24.29,27.24,75.86,74.32,
Lignin/cellulose,45.12,5.77,0.41,45.19,87.70,79.34,17.15,3.51,220,1440,48.75,68.45,4.90,0.38,22.62,27.69,75.52,73.96,
Lignin/cellulose,45.12,5.77,0.41,45.19,87.70,79.34,17.15,3.51,240,240,46.23,65.27,4.92,0.35,26.15,26.10,67.50,66.88,
Lignin/cellulose,45.12,5.77,0.41,45.19,87.70,79.34,17.15,3.51,260,240,44.17,73.16,4.96,0.30,18.32,30.17,74.55,71.62,
Lignin/cellulose,48.30,6.66,1.00,40.56,90.90,85.98,10.89,3.14,150,20,76.00,49.58,5.88,0.92,43.30,19.77,77.35,78.01,
Lignin/cellulose,48.30,6.66,1.00,40.56,90.90,85.98,10.89,3.14,250,20,62.00,54.30,4.19,1.02,38.30,20.90,66.71,69.70,
Lignin/cellulose,48.30,6.66,1.00,40.56,90.90,85.98,10.89,3.14,350,20,49.00,66.02,4.19,1.12,28.27,25.68,64.78,66.98,
Lignin/cellulose,40.53,4.93,0.55,45.67,90.90,84.75,6.98,8.30,160,120,78.50,45.10,5.16,0.50,49.29,17.04,81.88,87.35,
Lignin/cellulose,40.53,4.93,0.55,45.67,90.90,84.75,6.98,8.30,180,120,75.20,48.20,5.22,0.40,43.99,17.98,82.76,89.43,
Lignin/cellulose,40.53,4.93,0.55,45.67,90.90,84.75,6.98,8.30,200,120,61.80,50.39,5.15,0.40,43.15,18.55,70.17,76.83,
Lignin/cellulose,40.53,4.93,0.55,45.67,90.90,84.75,6.98,8.30,200,240,56.30,53.09,5.10,0.30,41.28,19.44,66.99,73.75,
Lignin/cellulose,40.53,4.93,0.55,45.67,90.90,84.75,6.98,8.30,200,480,51.50,56.09,5.05,0.20,37.92,20.35,64.15,71.27,
Lignin/cellulose,40.53,4.93,0.55,45.67,90.90,84.75,6.98,8.30,200,720,50.50,59.99,5.11,0.20,32.45,21.52,66.52,74.75,
Lignin/cellulose,40.53,4.93,0.55,45.67,90.90,84.75,6.98,8.30,200,1440,45.60,60.00,5.18,0.10,32.45,21.21,59.20,67.51,
Lignin/cellulose,46.18,5.89,0.25,45.00,93.80,90.40,6.72,2.87,180,60,73.12,49.42,5.86,0.20,42.86,19.59,78.35,78.25,
Lignin/cellulose,46.18,5.89,0.25,45.00,93.80,90.40,6.72,2.87,200,60,53.72,52.25,5.86,0.18,42.77,20.80,61.12,60.78,
Lignin/cellulose,46.18,5.89,0.25,45.00,93.80,90.40,6.72,2.87,220,60,51.21,52.96,5.81,0.19,39.74,21.09,59.08,58.73,
Lignin/cellulose,43.40,5.91,1.50,45.97,95.20,83.02,15.99,0.99,180,60,48.00,48.00,6.14,2.03,38.64,19.31,53.37,53.09,
Lignin/cellulose,43.40,5.91,1.50,45.97,95.20,83.02,15.99,0.99,180,120,43.00,50.70,6.01,1.76,40.28,20.38,50.46,50.23,
Lignin/cellulose,43.40,5.91,1.50,45.97,95.20,83.02,15.99,0.99,180,180,41.00,51.70,6.05,1.69,38.33,20.85,49.22,48.84,
Lignin/cellulose,43.40,5.91,1.50,45.97,95.20,83.02,15.99,0.99,180,240,47.00,53.70,5.92,1.59,33.56,21.68,58.67,58.15,
Lignin/cellulose,43.40,5.91,1.50,45.97,95.20,83.02,15.99,0.99,200,60,56.00,53.10,6.07,1.92,37.12,21.53,69.42,68.52,
Lignin/cellulose,43.40,5.91,1.50,45.97,95.20,83.02,15.99,0.99,200,120,42.00,53.70,6.14,1.76,37.54,21.79,52.69,51.97,
Lignin/cellulose,43.40,5.91,1.50,45.97,95.20,83.02,15.99,0.99,200,180,43.00,55.20,5.94,1.61,35.08,22.38,55.41,54.69,
Lignin/cellulose,43.40,5.91,1.50,45.97,95.20,83.02,15.99,0.99,200,240,44.00,56.50,5.85,1.63,31.12,22.92,58.07,57.28,
Lignin/cellulose,43.40,5.91,1.50,45.97,95.20,83.02,15.99,0.99,220,60,44.00,55.10,5.70,1.59,36.77,22.15,56.12,55.86,
Lignin/cellulose,43.40,5.91,1.50,45.97,95.20,83.02,15.99,0.99,220,120,43.00,56.80,6.03,1.67,33.69,23.16,57.34,56.28,
Lignin/cellulose,43.40,5.91,1.50,45.97,95.20,83.02,15.99,0.99,220,180,40.00,57.90,5.83,1.85,31.89,23.62,54.40,53.36,
Lignin/cellulose,43.40,5.91,1.50,45.97,95.20,83.02,15.99,0.99,220,240,37.00,60.80,5.88,2.09,26.40,25.07,53.41,51.83,
Lignin/cellulose,43.70,5.45,0.56,45.86,50.00,82.30,13.30,4.34,160,30,86.59,45.20,5.98,0.65,41.27,17.95,89.56,89.56,
Lignin/cellulose,43.70,5.45,0.56,45.86,50.00,82.30,13.30,4.34,180,30,79.77,47.00,5.63,0.45,40.44,18.59,85.45,85.79,
Lignin/cellulose,43.70,5.45,0.56,45.86,50.00,82.30,13.30,4.34,200,30,71.09,50.40,5.59,0.49,36.49,19.94,81.68,81.99,
Lignin/cellulose,43.70,5.45,0.56,45.86,50.00,82.30,13.30,4.34,220,30,64.22,52.50,5.57,0.39,33.06,20.80,76.97,77.15,
Lignin/cellulose,43.70,5.45,0.56,45.86,50.00,82.30,13.30,4.34,240,30,60.34,57.10,5.27,0.41,26.37,22.64,78.72,78.84,
Lignin/cellulose,43.70,5.45,0.56,45.86,50.00,82.30,13.30,4.34,260,30,55.50,62.60,5.31,0.45,20.37,25.24,80.72,79.50,
Lignin/cellulose,48.30,8.10,2.20,25.20,90.90,73.00,6.90,20.10,180,30,86.10,53.70,8.47,1.10,16.25,22.94,99.09,95.73,
Lignin/cellulose,48.30,8.10,2.20,25.20,90.90,73.00,6.90,20.10,200,30,82.90,54.50,8.59,1.10,15.07,23.46,97.57,93.54,
Lignin/cellulose,48.30,8.10,2.20,25.20,90.90,73.00,6.90,20.10,220,30,78.00,52.70,8.13,1.20,15.95,22.18,86.80,85.11,
Lignin/cellulose,48.30,8.10,2.20,25.20,90.90,73.00,6.90,20.10,240,30,77.70,51.80,7.82,1.20,17.03,21.56,84.04,83.33,
Lignin/cellulose,48.30,8.10,2.20,25.20,90.90,73.00,6.90,20.10,260,30,74.80,51.70,7.80,1.40,17.26,21.53,80.80,80.07,
Lignin/cellulose,48.30,8.10,2.20,25.20,90.90,73.00,6.90,20.10,280,30,72.50,50.40,7.52,1.20,17.36,20.71,75.33,75.65,
Lignin/cellulose,48.30,8.10,2.20,25.20,90.90,73.00,6.90,20.10,300,30,70.70,50.40,7.52,1.30,17.88,20.72,73.49,73.77,
Lignin/cellulose,46.47,6.98,3.16,38.35,90.90,81.39,13.41,5.20,150,40,61.19,48.15,6.65,2.19,42.52,19.51,63.03,63.40,
Lignin/cellulose,46.47,6.98,3.16,38.35,90.90,81.39,13.41,5.20,200,40,41.70,54.80,6.34,2.89,35.73,22.55,49.65,49.17,
Lignin/cellulose,46.47,6.98,3.16,38.35,90.90,81.39,13.41,5.20,250,40,34.23,68.36,6.37,3.22,22.00,29.88,54.00,50.35,
Lignin/cellulose,36.65,5.86,3.53,34.20,90.90,68.42,11.82,19.76,180,60,47.81,45.90,5.87,3.02,32.12,18.53,58.07,59.88,
Lignin/cellulose,36.65,5.86,3.53,34.20,90.90,68.42,11.82,19.76,210,60,47.95,47.21,5.51,3.35,26.87,19.03,59.81,61.77,
Lignin/cellulose,36.65,5.86,3.53,34.20,90.90,68.42,11.82,19.76,240,60,33.18,50.31,4.99,4.07,21.60,20.18,43.89,45.55,
Lignin/cellulose,36.65,5.86,3.53,34.20,90.90,68.42,11.82,19.76,270,60,28.82,51.24,4.67,3.97,20.08,20.41,38.56,40.29,
Lignin/cellulose,36.65,5.86,3.53,34.20,90.90,68.42,11.82,19.76,210,10,53.71,44.87,5.52,3.18,30.98,18.13,63.83,65.76,
Lignin/cellulose,36.65,5.86,3.53,34.20,90.90,68.42,11.82,19.76,210,30,51.66,47.21,5.66,2.90,29.52,19.00,64.34,66.54,
Lignin/cellulose,36.65,5.86,3.53,34.20,90.90,68.42,11.82,19.76,210,90,42.91,46.57,5.36,3.09,28.25,18.73,52.68,54.52,
Lignin/cellulose,50.60,5.62,0.12,43.49,90.90,82.54,17.29,0.17,200,120,71.00,56.87,5.75,0.17,37.15,22.84,81.11,79.80,
Lignin/cellulose,50.60,5.62,0.12,43.49,90.90,82.54,17.29,0.17,200,240,73.00,60.60,5.86,0.19,33.33,24.73,90.30,87.43,
Lignin/cellulose,50.60,5.62,0.12,43.49,88.90,82.54,17.29,0.17,200,240,70.00,61.37,5.86,0.19,32.18,25.11,87.92,84.90,
Lignin/cellulose,50.60,5.62,0.12,43.49,83.30,82.54,17.29,0.17,200,240,70.00,61.56,5.74,0.20,32.28,25.12,87.95,85.16,
Lignin/cellulose,50.60,5.62,0.12,43.49,90.90,82.54,17.29,0.17,180,240,75.00,57.70,6.02,0.18,36.20,23.43,87.89,85.52,
Lignin/cellulose,50.60,5.62,0.12,43.49,90.90,82.54,17.29,0.17,220,240,58.00,66.70,5.70,0.23,27.52,27.70,80.36,76.45,
Lignin/cellulose,47.75,5.61,0.90,37.41,90.90,80.90,11.00,8.10,200,30,57.22,62.47,5.28,0.90,24.96,25.19,76.11,74.86,
Lignin/cellulose,47.75,5.61,0.90,37.41,90.90,80.90,11.00,8.10,250,30,45.31,67.10,5.20,0.98,21.55,27.41,65.58,63.67,
Lignin/cellulose,47.75,5.61,0.90,37.41,90.90,80.90,11.00,8.10,300,30,40.63,73.22,5.08,1.13,16.06,30.52,65.47,62.30,
Lignin/cellulose,47.75,5.61,0.90,37.41,90.90,80.90,11.00,8.10,350,30,35.76,73.37,4.48,1.17,15.52,29.74,56.15,54.95,
Lignin/cellulose,47.75,5.61,0.90,37.41,90.90,80.90,11.00,8.10,375,30,35.54,78.20,4.32,1.23,7.35,31.97,59.99,58.20,
Lignin/cellulose,46.96,6.22,1.23,34.32,90.90,79.20,10.30,10.50,200,30,65.67,61.11,6.15,1.37,23.22,25.37,88.72,85.46,
Lignin/cellulose,46.96,6.22,1.23,34.32,90.90,79.20,10.30,10.50,250,30,46.30,62.30,5.45,1.44,23.68,25.36,62.52,61.42,
Lignin/cellulose,46.96,6.22,1.23,34.32,90.90,79.20,10.30,10.50,300,30,40.61,68.87,6.02,1.62,15.60,29.45,63.68,59.56,
Lignin/cellulose,46.96,6.22,1.23,34.32,90.90,79.20,10.30,10.50,350,30,30.86,70.50,5.98,1.60,10.30,30.28,49.76,46.33,
Lignin/cellulose,46.96,6.22,1.23,34.32,90.90,79.20,10.30,10.50,375,30,28.33,72.19,4.78,1.64,5.80,29.62,44.68,43.55,
Lignin/cellulose,50.31,6.24,0.07,43.15,83.30,86.50,13.27,0.23,175,30,88.37,51.34,6.18,0.07,42.27,20.52,90.30,90.18,
Lignin/cellulose,50.31,6.24,0.07,43.15,83.30,86.50,13.27,0.23,200,10,82.50,51.21,6.42,0.06,42.17,20.54,84.39,83.98,
Lignin/cellulose,50.31,6.24,0.07,43.15,83.30,86.50,13.27,0.23,200,30,78.41,52.55,6.13,0.06,41.01,21.05,82.19,81.90,
Lignin/cellulose,50.31,6.24,0.07,43.15,83.30,86.50,13.27,0.23,200,60,73.23,53.69,5.86,0.06,40.06,21.44,78.19,78.15,
Lignin/cellulose,50.31,6.24,0.07,43.15,83.30,86.50,13.27,0.23,225,30,69.81,56.99,5.87,0.07,37.15,22.96,79.82,79.08,
Lignin/cellulose,48.94,6.35,0.11,44.32,83.30,89.46,10.26,0.28,175,30,79.44,49.42,6.35,0.12,43.86,19.74,80.36,80.22,
Lignin/cellulose,48.94,6.35,0.11,44.32,83.30,89.46,10.26,0.28,200,10,66.31,49.61,6.18,0.13,44.03,19.75,67.11,67.22,
Lignin/cellulose,48.94,6.35,0.11,44.32,83.30,89.46,10.26,0.28,200,30,64.66,51.25,6.18,0.11,42.23,20.48,67.86,67.71,
Lignin/cellulose,48.94,6.35,0.11,44.32,83.30,89.46,10.26,0.28,200,60,62.97,51.34,5.93,0.13,42.31,20.43,65.93,66.06,
Lignin/cellulose,48.94,6.35,0.11,44.32,83.30,89.46,10.26,0.28,225,30,58.29,56.92,5.83,0.09,37.11,22.92,68.46,67.79,
Lignin/cellulose,42.30,5.60,0.20,36.40,88.89,76.60,20.50,2.90,180,30,83.35,43.30,5.50,0.50,38.38,17.20,85.31,85.32,
Lignin/cellulose,42.30,5.60,0.20,36.40,88.89,76.60,20.50,2.90,190,30,79.29,45.70,5.38,0.50,35.39,18.07,85.26,85.66,
Lignin/cellulose,42.30,5.60,0.20,36.40,88.89,76.60,20.50,2.90,200,30,72.40,47.10,5.61,0.40,34.45,18.62,80.22,80.62,
Lignin/cellulose,42.30,5.60,0.20,36.40,88.89,76.60,20.50,2.90,210,30,68.75,47.90,5.39,0.50,34.62,18.90,77.32,77.85,
Lignin/cellulose,42.30,5.60,0.20,36.40,88.89,76.60,20.50,2.90,220,30,64.90,49.30,5.42,0.50,33.94,19.44,75.08,75.64,
Lignin/cellulose,42.30,5.60,0.20,36.40,88.89,76.60,20.50,2.90,230,30,56.78,49.70,5.40,0.40,31.65,19.59,66.19,66.71,
Lignin/cellulose,42.30,5.60,0.20,36.40,88.89,76.60,20.50,2.90,240,30,53.04,52.10,5.17,0.60,30.04,20.50,64.70,65.33,
Lignin/cellulose,42.30,5.60,0.20,36.40,88.89,76.60,20.50,2.90,250,30,44.61,58.00,5.07,0.70,24.96,22.95,60.92,61.17,
Lignin/cellulose,42.30,5.60,0.20,36.40,94.10,76.60,20.50,2.90,180,30,89.95,46.80,5.82,0.40,39.06,18.53,99.18,99.52,
Lignin/cellulose,42.30,5.60,0.20,36.40,94.10,76.60,20.50,2.90,190,30,82.03,48.20,5.81,0.50,36.91,19.11,93.28,93.47,
Lignin/cellulose,42.30,5.60,0.20,36.40,94.10,76.60,20.50,2.90,200,30,74.12,49.00,5.97,0.30,38.37,19.47,85.88,85.86,
Lignin/cellulose,42.30,5.60,0.20,36.40,94.10,76.60,20.50,2.90,210,30,71.07,49.20,5.60,0.50,37.26,19.46,82.30,82.66,
Lignin/cellulose,42.30,5.60,0.20,36.40,94.10,76.60,20.50,2.90,220,30,63.56,49.60,5.71,0.50,37.13,19.66,74.36,74.53,
Lignin/cellulose,42.30,5.60,0.20,36.40,94.10,76.60,20.50,2.90,230,30,63.77,50.40,5.47,0.50,35.13,19.92,75.59,75.98,
Lignin/cellulose,42.30,5.60,0.20,36.40,94.10,76.60,20.50,2.90,240,30,54.84,53.10,5.48,0.60,32.90,21.06,68.73,68.84,
Lignin/cellulose,42.30,5.60,0.20,36.40,94.10,76.60,20.50,2.90,250,30,47.84,56.50,5.39,0.80,28.69,22.51,64.08,63.90,
Lignin/cellulose,41.81,5.73,0.84,45.71,50.00,78.70,15.30,5.90,180,30,80.73,50.00,5.82,0.55,39.18,18.86,95.71,96.54,
Lignin/cellulose,41.81,5.73,0.84,45.71,50.00,78.70,15.30,5.90,200,30,73.13,51.86,5.76,0.82,37.26,19.60,90.10,90.71,
Lignin/cellulose,41.81,5.73,0.84,45.71,50.00,78.70,15.30,5.90,220,30,60.50,54.41,5.74,0.94,33.76,20.43,77.70,78.73,
Lignin/cellulose,41.81,5.73,0.84,45.71,50.00,78.70,15.30,5.90,180,60,79.28,50.52,5.81,0.88,38.49,19.16,95.49,95.80,
Lignin/cellulose,41.81,5.73,0.84,45.71,50.00,78.70,15.30,5.90,200,60,66.41,52.90,5.51,0.85,34.55,19.59,81.78,84.03,
Lignin/cellulose,41.81,5.73,0.84,45.71,50.00,78.70,15.30,5.90,220,60,57.64,54.73,5.47,0.88,32.76,20.25,73.37,75.45,
Lignin/cellulose,46.70,6.00,0.20,45.30,85.70,87.50,11.70,0.80,190,5,83.50,48.80,6.02,0.20,44.50,19.37,87.43,87.25,
Lignin/cellulose,46.70,6.00,0.20,45.30,85.70,87.50,11.70,0.80,225,5,66.90,49.60,5.99,0.30,41.86,19.72,71.31,71.05,
Lignin/cellulose,46.70,6.00,0.20,45.30,85.70,87.50,11.70,0.80,260,5,47.80,61.20,5.27,0.40,31.46,24.54,63.41,62.64,
Lignin/cellulose,46.22,6.06,2.37,41.51,90.90,80.46,16.27,3.27,180,120,80.00,46.45,5.85,2.11,42.13,18.63,80.14,80.40,
Lignin/cellulose,46.22,6.06,2.37,41.51,90.90,80.46,16.27,3.27,200,120,67.00,47.22,5.76,2.06,40.29,18.91,68.12,68.45,
Lignin/cellulose,46.22,6.06,2.37,41.51,90.90,80.46,16.27,3.27,220,120,61.00,48.50,5.72,2.21,38.33,19.43,63.73,64.01,
Lignin/cellulose,46.22,6.06,2.37,41.51,90.90,80.46,16.27,3.27,240,120,63.00,51.98,5.79,2.34,36.88,20.95,70.97,70.85,
Lignin/cellulose,46.22,6.06,2.37,41.51,90.90,80.46,16.27,3.27,260,120,59.00,52.66,5.66,2.38,34.05,21.17,67.16,67.22,
Lignin/cellulose,46.22,6.06,2.37,41.51,90.90,80.46,16.27,3.27,260,60,62.00,47.39,5.72,2.16,38.73,18.98,63.27,63.57,
Lignin/cellulose,46.22,6.06,2.37,41.51,90.90,80.46,16.27,3.27,260,240,53.00,55.22,5.29,3.07,27.77,22.16,63.15,63.32,
Lignin/cellulose,46.22,6.06,2.37,41.51,90.90,80.46,16.27,3.27,260,480,43.00,63.03,5.21,4.24,18.68,25.82,59.70,58.64,
Lignin/cellulose,46.22,6.06,2.37,41.51,90.90,80.46,16.27,3.27,260,720,41.00,65.24,5.30,4.46,16.41,27.02,59.57,57.87,
Lignin/cellulose,48.99,7.26,0.66,36.06,94.90,77.20,15.78,7.02,180,30,62.02,55.20,7.77,0.55,32.50,23.30,72.76,69.88,
Lignin/cellulose,48.99,7.26,0.66,36.06,94.90,77.20,15.78,7.02,180,60,60.65,55.90,7.62,0.60,30.86,23.62,72.13,69.20,
Lignin/cellulose,48.99,7.26,0.66,36.06,94.90,77.20,15.78,7.02,180,100,59.69,56.81,7.66,0.63,29.27,24.17,72.64,69.22,
Lignin/cellulose,48.99,7.26,0.66,36.06,94.90,77.20,15.78,7.02,210,30,58.85,57.27,7.72,0.55,28.67,24.44,72.42,68.80,
Lignin/cellulose,48.99,7.26,0.66,36.06,94.90,77.20,15.78,7.02,210,60,57.36,58.05,7.74,0.50,28.20,24.91,71.94,67.97,
Lignin/cellulose,48.99,7.26,0.66,36.06,94.90,77.20,15.78,7.02,210,100,57.08,59.56,8.03,0.53,25.43,26.03,74.81,69.40,
Lignin/cellulose,48.99,7.26,0.66,36.06,94.90,77.20,15.78,7.02,240,30,51.21,61.91,7.98,0.57,23.24,27.44,70.75,64.72,
Lignin/cellulose,48.99,7.26,0.66,36.06,94.90,77.20,15.78,7.02,240,60,46.41,64.05,7.97,0.65,19.33,28.80,67.30,60.68,
Lignin/cellulose,48.99,7.26,0.66,36.06,94.90,77.20,15.78,7.02,240,100,44.92,66.52,8.18,0.73,16.16,30.58,69.16,60.99,
Lignin/cellulose,47.00,5.76,0.11,46.96,88.90,76.58,16.04,0.16,200,240,70.00,59.00,5.86,0.18,34.78,23.92,90.17,87.87,
Lignin/cellulose,48.10,6.57,0.10,45.12,88.90,80.28,12.11,0.10,200,240,79.00,62.70,6.51,0.06,30.58,26.38,108.56,102.98,
Lignin/cellulose,48.27,6.12,1.47,42.05,90.00,77.90,20.02,2.08,180,180,54.20,48.73,6.18,1.63,40.33,19.57,54.84,54.72,
Lignin/cellulose,48.27,6.12,1.47,42.05,90.00,77.90,20.02,2.08,220,180,50.90,50.38,6.26,1.44,39.06,20.30,53.42,53.12,
Lignin/cellulose,48.27,6.12,1.47,42.05,90.00,77.90,20.02,2.08,250,180,34.80,53.75,6.20,1.49,36.99,21.82,39.26,38.75,
Lignin/cellulose,30.80,4.20,1.27,32.51,83.30,66.50,5.49,28.10,225,120,0.76,31.14,2.80,1.92,35.45,15.29,0.57,0.77,
Lignin/cellulose,30.80,4.20,1.27,32.51,92.30,66.50,5.49,28.10,225,120,0.68,33.10,2.93,1.79,33.03,15.48,0.62,0.73,
Lignin/cellulose,30.80,4.20,1.27,32.51,94.10,66.50,5.49,28.10,225,120,0.52,37.69,3.21,2.03,29.97,16.20,0.50,0.64,
Lignin/cellulose,30.80,4.20,1.27,32.51,96.80,66.50,5.49,28.10,225,120,0.43,38.52,3.55,1.80,28.30,16.25,0.41,0.54,
Lignin/cellulose,30.80,4.20,1.27,32.51,83.30,66.50,5.49,28.10,250,120,0.51,31.06,2.67,1.67,35.26,15.33,0.61,0.51,
Lignin/cellulose,30.80,4.20,1.27,32.51,92.30,66.50,5.49,28.10,250,120,0.41,40.13,2.96,1.98,29.11,16.75,0.50,0.53,
Lignin/cellulose,30.80,4.20,1.27,32.51,94.10,66.50,5.49,28.10,250,120,0.38,41.27,3.31,2.22,27.31,16.98,0.49,0.51,
Lignin/cellulose,30.80,4.20,1.27,32.51,96.80,66.50,5.49,28.10,250,120,0.32,43.33,3.32,2.38,24.91,17.49,0.39,0.45,
Lignin/cellulose,30.80,4.20,1.27,32.51,83.30,66.50,5.49,28.10,250,240,0.44,36.79,2.98,2.31,30.99,16.14,0.46,0.53,
Lignin/cellulose,30.80,4.20,1.27,32.51,92.30,66.50,5.49,28.10,250,240,0.39,38.31,3.10,2.36,29.56,16.40,0.47,0.49,
Lignin/cellulose,30.80,4.20,1.27,32.51,94.10,66.50,5.49,28.10,250,240,0.31,38.30,2.98,1.77,29.43,16.35,0.37,0.38,
Lignin/cellulose,30.80,4.20,1.27,32.51,96.80,66.50,5.49,28.10,250,240,0.27,53.54,4.20,1.76,18.41,20.73,0.41,0.48,
Food waste,46.70,5.15,2.15,37.76,91.10,61.60,30.30,8.10,175,30,39.83,53.28,5.58,2.67,32.74,21.43,45.84,45.44,
Food waste,46.70,5.15,2.15,37.76,91.10,61.60,30.30,8.10,200,15,39.83,58.21,5.14,3.01,28.24,23.38,50.02,49.65,
Food waste,46.70,5.15,2.15,37.76,91.10,61.60,30.30,8.10,200,30,44.61,60.28,5.45,2.92,26.32,24.59,58.92,57.58,
Food waste,46.70,5.15,2.15,37.76,91.10,61.60,30.30,8.10,200,60,44.30,59.81,5.21,2.85,26.11,24.14,57.44,56.74,
Food waste,46.70,5.15,2.15,37.76,91.10,61.60,30.30,8.10,200,120,49.85,61.97,5.33,2.73,25.55,25.22,67.52,66.15,
Food waste,46.70,5.15,2.15,37.76,91.10,61.60,30.30,8.10,225,30,50.58,61.46,5.22,2.82,26.34,24.91,67.67,66.57,
Food waste,46.70,5.15,2.15,37.76,91.10,61.60,30.30,8.10,250,30,44.63,65.41,5.19,3.11,21.16,26.86,64.38,62.51,
Food waste,45.95,6.45,2.68,36.56,89.50,69.60,22.30,8.00,175,30,39.09,51.26,6.19,2.78,33.04,20.83,43.83,43.61,
Food waste,45.95,6.45,2.68,36.56,89.50,69.60,22.30,8.00,200,15,40.42,54.08,6.45,2.77,30.12,22.26,48.43,47.57,
Food waste,45.95,6.45,2.68,36.56,89.50,69.60,22.30,8.00,200,30,43.79,57.55,6.14,2.75,27.47,23.76,56.01,54.84,
Food waste,45.95,6.45,2.68,36.56,89.50,69.60,22.30,8.00,200,60,43.31,57.57,6.63,2.83,26.57,24.15,56.30,54.26,
Food waste,45.95,6.45,2.68,36.56,89.50,69.60,22.30,8.00,200,120,42.44,60.36,6.27,2.58,24.49,25.25,57.68,55.75,
Food waste,45.95,6.45,2.68,36.56,89.50,69.60,22.30,8.00,225,30,45.47,58.93,6.29,2.68,29.07,24.55,60.09,58.31,
Food waste,45.95,6.45,2.68,36.56,89.50,69.60,22.30,8.00,250,30,34.46,63.75,6.09,3.58,18.77,27.00,50.08,47.81,
Lignin/cellulose,33.76,4.19,2.33,34.75,90.00,63.29,12.44,24.28,180,30,46.90,43.17,4.66,2.68,28.44,17.46,54.53,59.97,
Lignin/cellulose,33.76,4.19,2.33,34.75,90.00,63.29,12.44,24.28,180,60,45.65,42.58,4.91,2.66,28.49,17.26,52.47,57.58,
Lignin/cellulose,33.76,4.19,2.33,34.75,90.00,63.29,12.44,24.28,180,120,45.30,42.44,4.79,2.63,27.96,17.22,51.94,56.95,
Lignin/cellulose,33.76,4.19,2.33,34.75,90.00,63.29,12.44,24.28,200,30,45.95,44.44,4.69,2.69,27.90,17.87,54.68,60.49,
Lignin/cellulose,33.76,4.19,2.33,34.75,90.00,63.29,12.44,24.28,200,60,41.80,44.39,4.96,2.57,27.42,17.85,49.68,54.96,
Lignin/cellulose,33.76,4.19,2.33,34.75,90.00,63.29,12.44,24.28,200,120,39.70,44.39,4.30,2.63,28.79,17.82,47.11,52.20,
Lignin/cellulose,33.76,4.19,2.33,34.75,90.00,63.29,12.44,24.28,220,30,36.10,43.45,4.75,2.57,28.62,17.53,42.14,46.46,
Lignin/cellulose,33.76,4.19,2.33,34.75,90.00,63.29,12.44,24.28,220,60,34.65,46.86,4.89,2.80,25.08,18.72,43.19,48.10,
Lignin/cellulose,33.76,4.19,2.33,34.75,90.00,63.29,12.44,24.28,220,120,30.50,48.49,4.51,2.91,21.96,19.22,39.03,43.81,
Lignin/cellulose,45.79,5.01,0.33,45.38,90.00,72.16,24.64,3.19,150,30,72.45,49.77,5.39,0.21,43.41,19.59,78.69,78.75,
Lignin/cellulose,45.79,5.01,0.33,45.38,90.00,72.16,24.64,3.19,180,30,61.13,51.04,5.25,0.28,41.98,20.05,67.95,68.14,
Lignin/cellulose,45.79,5.01,0.33,45.38,90.00,72.16,24.64,3.19,210,30,55.52,57.33,5.02,0.30,35.79,22.55,69.41,69.51,
Lignin/cellulose,45.79,5.01,0.33,45.38,90.00,72.16,24.64,3.19,240,30,49.79,62.55,4.65,0.35,30.99,24.57,67.83,68.01,
Lignin/cellulose,45.79,5.01,0.33,45.38,90.00,72.16,24.64,3.19,270,30,44.28,67.05,4.55,0.40,27.24,26.55,65.18,64.84,
Lignin/cellulose,45.79,5.01,0.33,45.38,90.00,72.16,24.64,3.19,300,30,41.88,69.55,4.49,0.43,24.81,27.63,64.15,63.61,
Food waste,46.20,6.56,0.22,41.95,83.30,81.39,13.53,5.07,180,60,63.06,51.77,6.25,0.24,36.20,20.76,71.24,70.66,
Food waste,46.20,6.56,0.22,41.95,83.30,81.39,13.53,5.07,200,60,63.79,53.99,6.06,0.23,34.32,21.68,75.26,74.55,
Food waste,46.20,6.56,0.22,41.95,83.30,81.39,13.53,5.07,220,60,61.79,57.45,5.87,0.25,30.26,23.18,77.94,76.84,
Food waste,46.20,6.56,0.22,41.95,83.30,81.39,13.53,5.07,240,60,56.06,62.17,5.47,0.29,24.84,25.13,76.66,75.44,
Food waste,46.20,6.56,0.22,41.95,83.30,81.39,13.53,5.07,260,60,51.80,64.92,5.35,0.34,21.81,26.42,74.47,72.79,
Food waste,46.20,6.56,0.22,41.95,83.30,81.39,13.53,5.07,280,60,50.36,65.28,5.28,0.35,21.93,26.55,72.76,71.16,
Food waste,46.20,6.56,0.22,41.95,83.30,81.39,13.53,5.07,300,60,48.25,67.13,5.24,0.37,19.51,27.40,71.94,70.11,
Food waste,46.20,6.56,0.22,41.95,83.30,81.39,13.53,5.07,240,120,53.33,63.55,5.41,0.30,23.66,25.73,74.67,73.36,
Food waste,46.20,6.56,0.22,41.95,83.30,81.39,13.53,5.07,240,90,54.35,64.44,5.49,0.31,22.23,26.27,77.70,75.81,
Food waste,46.20,6.56,0.22,41.95,83.30,81.39,13.53,5.07,240,30,57.03,59.83,5.61,0.28,27.16,24.15,74.95,73.86,
Food waste,46.20,6.56,0.22,41.95,83.30,81.39,13.53,5.07,240,0,60.53,53.71,5.87,0.22,33.16,21.45,70.66,70.37,
Lignin/cellulose,44.90,6.02,0.33,46.78,93.80,91.84,6.05,2.12,180,60,65.88,49.70,5.80,0.41,42.98,19.71,72.96,72.92,
Lignin/cellulose,44.90,6.02,0.33,46.78,93.80,91.84,6.05,2.12,200,30,61.00,51.80,5.83,0.39,41.02,20.61,70.64,70.37,
Lignin/cellulose,44.90,6.02,0.33,46.78,93.80,91.84,6.05,2.12,200,60,60.90,52.50,5.77,0.46,40.48,20.91,71.55,71.21,
Lignin/cellulose,44.90,6.02,0.33,46.78,93.80,91.84,6.05,2.12,200,90,60.36,52.60,5.78,0.39,40.01,20.95,71.05,70.71,
Lignin/cellulose,44.90,6.02,0.33,46.78,95.20,91.84,6.05,2.12,220,5,59.20,51.80,5.76,0.38,41.02,20.59,68.49,68.30,
Lignin/cellulose,44.90,6.02,0.33,46.78,95.20,91.84,6.05,2.12,220,60,55.96,54.50,5.70,0.39,38.61,21.73,68.32,67.92,
Lignin/cellulose,44.90,6.02,0.33,46.78,95.20,91.84,6.05,2.12,200,60,62.85,51.90,5.85,0.58,39.47,20.68,73.03,72.65,
Lignin/cellulose,44.90,6.02,0.33,46.78,95.20,91.84,6.05,2.12,200,240,70.00,53.30,6.00,0.32,39.98,21.35,83.97,83.10,
Food waste,47.06,6.85,0.83,37.08,95.20,76.11,15.71,8.18,150,60,77.93,47.77,6.40,0.83,37.64,19.11,78.87,79.11,
Food waste,47.06,6.85,0.83,37.08,95.20,76.11,15.71,8.18,180,60,63.68,51.30,6.50,0.75,35.17,20.71,69.84,69.42,
Food waste,47.06,6.85,0.83,37.08,95.20,76.11,15.71,8.18,210,60,60.55,53.27,6.44,0.59,34.84,21.60,69.27,68.54,
Food waste,47.06,6.85,0.83,37.08,95.20,76.11,15.71,8.18,240,60,46.25,61.60,6.28,0.88,25.72,25.72,63.00,60.54,
Food waste,47.06,6.85,0.83,37.08,95.20,76.11,15.71,8.18,270,60,30.95,69.36,6.06,1.11,19.13,29.71,48.70,45.62,
Food waste,47.06,6.85,0.83,37.08,95.20,76.11,15.71,8.18,300,60,29.00,70.22,5.62,1.28,15.49,29.69,45.60,43.27,
Food waste,47.06,6.85,0.83,37.08,95.20,76.11,15.71,8.18,240,30,50.96,60.00,6.46,0.79,27.42,25.03,67.55,64.97,
Food waste,47.06,6.85,0.83,37.08,95.20,76.11,15.71,8.18,240,45,47.55,60.83,6.38,0.82,26.36,25.35,63.84,61.46,
Food waste,47.06,6.85,0.83,37.08,95.20,76.11,15.71,8.18,240,90,41.24,65.34,6.18,0.99,22.14,27.61,60.30,57.26,
Food waste,47.06,6.85,0.83,37.08,95.20,76.11,15.71,8.18,240,120,40.15,65.98,5.95,1.20,21.31,27.71,58.92,56.29,
Food waste,47.06,6.85,0.83,37.08,95.20,76.11,15.71,8.18,240,180,40.00,66.62,6.01,1.24,21.00,28.11,59.55,56.63,
