,1990,2005,2010,2015,2020,2025,2030,2035,2040,2045,2050,2055,2060,SSP,Version,GCAM,input,Units,cat
0,393.595412,497.8182174,486.68747,492.910774,525.3398099999999,,,,-0.16924302914042472,-0.5018850323404914,-0.1635516306942203,-0.12347719109782515,-0.12241210692680998,SSP1,Lower CI,USA,Non-Staples,%,USANon-Staples
1,393.595412,497.8182174,486.68747,492.910774,525.3398099999999,,,,-0.14766126186137118,-0.1715271072901049,-0.0896610305403239,-0.06892732198032844,-0.0721955374954854,SSP1,Median,USA,Non-Staples,%,USANon-Staples
2,393.595412,497.8182174,486.68747,492.910774,525.3398099999999,,,,0.1299891996170589,0.20280721504044755,-0.0225750315267665,-0.00021459450873149294,-0.02107674688883738,SSP1,Upper CI,USA,Non-Staples,%,USANon-Staples
21,222.6528,267.41264,253.14864,249.95206,259.27668,,,,0.046180357165423236,-0.393342189593084,-0.018395053934201266,0.1546823830063623,0.1618910954206988,SSP1,Lower CI,USA,Staples,%,USAStaples
22,222.6528,267.41264,253.14864,249.95206,259.27668,,,,0.30387619252181014,0.15427014061395375,0.19481728285503458,0.310441242131212,0.2664180822758669,SSP1,Median,USA,Staples,%,USAStaples
23,222.6528,267.41264,253.14864,249.95206,259.27668,,,,1.1231382177660838,1.2339833199399868,0.4685101311522996,0.44005107416959677,0.36276125020538097,SSP1,Upper CI,USA,Staples,%,USAStaples
42,68.399932,115.81066799999999,151.140532,163.566426,199.655226,,,,-0.26741901009919455,-0.8727126781777537,-0.5238035424282724,-0.5437953496710429,-0.6289541345050241,SSP1,Lower CI,Eastern Africa,Non-Staples,%,Eastern AfricaNon-Staples
43,68.399932,115.81066799999999,151.140532,163.566426,199.655226,,,,-0.15790198542560585,-0.38640744149161926,-0.42357853180467664,-0.46273646558863446,-0.5277292079149664,SSP1,Median,Eastern Africa,Non-Staples,%,Eastern AfricaNon-Staples
44,68.399932,115.81066799999999,151.140532,163.566426,199.655226,,,,-0.039577422257849174,-0.04936383773991915,-0.296018219859708,-0.32910495579681653,-0.3933101642382019,SSP1,Upper CI,Eastern Africa,Non-Staples,%,Eastern AfricaNon-Staples
63,134.5848,211.7554,247.8582,298.02459999999996,323.6172,,,,1.5315066172720644,0.3849256273795094,0.5873830475415214,0.7049139176199257,0.7097502891955542,SSP1,Lower CI,Eastern Africa,Staples,%,Eastern AfricaStaples
64,134.5848,211.7554,247.8582,298.02459999999996,323.6172,,,,1.6638514101980988,0.920090132710285,0.7058237325798502,0.7571128038479297,0.7490150038616596,SSP1,Median,Eastern Africa,Staples,%,Eastern AfricaStaples
65,134.5848,211.7554,247.8582,298.02459999999996,323.6172,,,,1.8135523949728727,1.403053229128888,0.9054743488110142,0.8818849219007534,0.8367747127415114,SSP1,Upper CI,Eastern Africa,Staples,%,Eastern AfricaStaples
84,61.3526848,102.5545752,133.4121022,161.484488,187.31054424,,,,-0.01261501457432819,-0.8060935256710791,-0.20901730583502337,-0.15868425752191223,-0.1784453445828708,SSP1,Lower CI,Northern Africa,Non-Staples,%,Northern AfricaNon-Staples
85,61.3526848,102.5545752,133.4121022,161.484488,187.31054424,,,,0.08276540677553944,-0.139877082790387,-0.12607495968865226,-0.1026415352869232,-0.12707120704187688,SSP1,Median,Northern Africa,Non-Staples,%,Northern AfricaNon-Staples
86,61.3526848,102.5545752,133.4121022,161.484488,187.31054424,,,,0.17622151352797588,0.26005027486491367,-0.04146483248542533,-0.028629544892320113,-0.07342864957207164,SSP1,Upper CI,Northern Africa,Non-Staples,%,Northern AfricaNon-Staples
105,196.17172,257.85462,265.95816,277.69158,289.08008,,,,1.563354960716517,-0.7942798766937286,0.826721437285748,1.069587281182233,1.0042160463682877,SSP1,Lower CI,Northern Africa,Staples,%,Northern AfricaStaples
106,196.17172,257.85462,265.95816,277.69158,289.08008,,,,1.802924987907023,0.9503899985970953,1.1254951749887914,1.227324848116708,1.108643140669563,SSP1,Median,Northern Africa,Staples,%,Northern AfricaStaples
107,196.17172,257.85462,265.95816,277.69158,289.08008,,,,2.261260180030019,2.3195813267019987,1.4808734888898267,1.394523022069329,1.227821620041026,SSP1,Upper CI,Northern Africa,Staples,%,Northern AfricaStaples
126,26.7609422,46.848942,69.58591200000001,94.001554,115.81227200000001,,,,-0.29385020827542496,-0.48050182347913767,-0.5122985313109053,-0.45876144982370193,-0.4725217709505759,SSP1,Lower CI,Southern Africa,Non-Staples,%,Southern AfricaNon-Staples
127,26.7609422,46.848942,69.58591200000001,94.001554,115.81227200000001,,,,-0.23919503593038072,-0.29335853754695335,-0.37442735037200064,-0.3795382759813309,-0.39870429194554746,SSP1,Median,Southern Africa,Non-Staples,%,Southern AfricaNon-Staples
128,26.7609422,46.848942,69.58591200000001,94.001554,115.81227200000001,,,,-0.038289332913246404,-0.07039714181632456,-0.2655967347330744,-0.2812253714939327,-0.3061153278430857,SSP1,Upper CI,Southern Africa,Non-Staples,%,Southern AfricaNon-Staples
147,90.04428,132.95054,151.85102,166.79462,179.3016,,,,0.35694012461276114,-0.055018766647616735,-0.26592234773207307,-0.01694135876258867,0.04202877338120337,SSP1,Lower CI,Southern Africa,Staples,%,Southern AfricaStaples
148,90.04428,132.95054,151.85102,166.79462,179.3016,,,,0.4583939670286102,0.08108580814640609,0.016927314327409133,0.06337837169686505,0.07349494843017301,SSP1,Median,Southern Africa,Staples,%,Southern AfricaStaples
149,90.04428,132.95054,151.85102,166.79462,179.3016,,,,0.5621509957437254,0.4294701285868101,0.21375874935512895,0.12803838966384468,0.12650486425800664,SSP1,Upper CI,Southern Africa,Staples,%,Southern AfricaStaples
168,93.55788,162.34953,226.33704,280.17826,346.76864,,,,-0.3894543942518306,-2.9399939191674687,-0.47826199195611613,-0.4508259418260602,-0.4978590759642676,SSP1,Lower CI,Western Africa,Non-Staples,%,Western AfricaNon-Staples
169,93.55788,162.34953,226.33704,280.17826,346.76864,,,,-0.30547172174066123,-0.3344821595358207,-0.34726778433037736,-0.3800790646110217,-0.423795519829976,SSP1,Median,Western Africa,Non-Staples,%,Western AfricaNon-Staples
170,93.55788,162.34953,226.33704,280.17826,346.76864,,,,-0.07830015319373013,0.5070474747679898,-0.26046104720483126,-0.17668740378576306,-0.301446711013618,SSP1,Upper CI,Western Africa,Non-Staples,%,Western AfricaNon-Staples
189,271.37935999999996,422.9282,507.07759999999996,588.3718,638.9058,,,,0.2727994880638303,-2.7782217207925686,-0.19414058828523384,0.025608318517530912,0.0397294068212274,SSP1,Lower CI,Western Africa,Staples,%,Western AfricaStaples
190,271.37935999999996,422.9282,507.07759999999996,588.3718,638.9058,,,,0.3629585955398759,0.03320225329499091,0.04505484822108105,0.0784161806548538,0.08170366753817569,SSP1,Median,Western Africa,Staples,%,Western AfricaStaples
191,271.37935999999996,422.9282,507.07759999999996,588.3718,638.9058,,,,0.43225725207681415,0.9588973348817712,0.21476264401756423,0.26455358486289887,0.19137079412243774,SSP1,Upper CI,Western Africa,Staples,%,Western AfricaStaples
210,27.311495999999998,31.954646,39.896912,45.217942,49.512072,,,,-0.17351786198695046,-0.4240245734801056,-0.295153520423884,-0.22684410547855177,-0.23836197198990453,SSP1,Lower CI,Australia and New Zealand,Non-Staples,%,Australia and New ZealandNon-Staples
211,27.311495999999998,31.954646,39.896912,45.217942,49.512072,,,,-0.10341890713635617,-0.191207952449816,-0.18493709484654086,-0.17707060562085433,-0.19207244886830363,SSP1,Median,Australia and New Zealand,Non-Staples,%,Australia and New ZealandNon-Staples
212,27.311495999999998,31.954646,39.896912,45.217942,49.512072,,,,-0.00783322208702282,0.01828884892578045,-0.14465630025048132,-0.1258782139395705,-0.14647730463552786,SSP1,Upper CI,Australia and New Zealand,Non-Staples,%,Australia and New ZealandNon-Staples
231,13.526174,17.579998000000003,17.648928,20.257906,21.667226,,,,0.13217189951050667,-0.5152139753612106,-0.505613032931789,-0.10664906736060938,-0.0886826810245485,SSP1,Lower CI,Australia and New Zealand,Staples,%,Australia and New ZealandStaples
232,13.526174,17.579998000000003,17.648928,20.257906,21.667226,,,,0.8606504647604855,-0.16293420694868327,-0.10722030142789907,0.01545899024796944,-0.007180050632796524,SSP1,Median,Australia and New Zealand,Staples,%,Australia and New ZealandStaples
233,13.526174,17.579998000000003,17.648928,20.257906,21.667226,,,,0.9567410029674112,0.8239521137770416,0.1852778022512237,0.12397659559896547,0.08789660146076446,SSP1,Upper CI,Australia and New Zealand,Staples,%,Australia and New ZealandStaples
252,131.157228,210.196242,262.178318,303.763106,331.70480399999997,,,,-0.4878006315018744,-0.6147413347034693,-0.49876194105033395,-0.46962551450081125,-0.4784357184141756,SSP1,Lower CI,Brazil,Non-Staples,%,BrazilNon-Staples
253,131.157228,210.196242,262.178318,303.763106,331.70480399999997,,,,-0.46494508654699773,-0.40666867553681063,-0.4154261317053756,-0.4154408898005273,-0.4095485643691131,SSP1,Median,Brazil,Non-Staples,%,BrazilNon-Staples
254,131.157228,210.196242,262.178318,303.763106,331.70480399999997,,,,-0.21126271539880975,-0.14257240481109376,-0.32347537492132444,-0.2949116876635197,-0.31828972583529097,SSP1,Upper CI,Brazil,Non-Staples,%,BrazilNon-Staples
273,137.025152,179.39366,175.61504,171.58442,174.25060000000002,,,,1.1055844593527255,0.8487198610267526,1.2117358551011181,1.3192492327538026,1.2887089732112427,SSP1,Lower CI,Brazil,Staples,%,BrazilStaples
274,137.025152,179.39366,175.61504,171.58442,174.25060000000002,,,,1.508444155245571,1.4310908605321926,1.3647099221584966,1.413633872196918,1.3690277265617063,SSP1,Median,Brazil,Staples,%,BrazilStaples
275,137.025152,179.39366,175.61504,171.58442,174.25060000000002,,,,1.9422232039158507,1.8542245315768184,1.4832959305129243,1.508625469477309,1.4482702631335769,SSP1,Upper CI,Brazil,Staples,%,BrazilStaples
294,41.221137,50.167593399999994,49.626433,53.533206,57.44877654,,,,-0.41371385431426416,-0.8896829041428371,-0.4215020520451178,-0.3604832769671351,-0.35852818532545333,SSP1,Lower CI,Canada,Non-Staples,%,CanadaNon-Staples
295,41.221137,50.167593399999994,49.626433,53.533206,57.44877654,,,,-0.30532187190659477,-0.40630535000716583,-0.3290244584052353,-0.30764812808234904,-0.3103225180793031,SSP1,Median,Canada,Non-Staples,%,CanadaNon-Staples
296,41.221137,50.167593399999994,49.626433,53.533206,57.44877654,,,,-0.11510220940350707,0.04105135120402881,-0.260670849398142,-0.23667189986299267,-0.2541936704587909,SSP1,Upper CI,Canada,Non-Staples,%,CanadaNon-Staples
315,20.351208,30.936848,30.627222,28.473959999999998,29.9752,,,,0.6783695402178619,-0.8100912706287893,-0.08272630266089193,0.21812856616701945,0.2427865333649784,SSP1,Lower CI,Canada,Staples,%,CanadaStaples
316,20.351208,30.936848,30.627222,28.473959999999998,29.9752,,,,1.302836490343278,0.25353675379161517,0.19328863198711252,0.34373018860229415,0.32319958427439216,SSP1,Median,Canada,Staples,%,CanadaStaples
317,20.351208,30.936848,30.627222,28.473959999999998,29.9752,,,,1.6031957510942232,1.4387831442739645,0.5099980901281738,0.48115387957858646,0.4241495121872592,SSP1,Upper CI,Canada,Staples,%,CanadaStaples
336,35.2653828,55.5889362,73.844025,87.9514174,97.226772,,,,-0.15029788823332096,-1.4509953925648604,-0.5032865036479764,-0.22207916455370924,-0.2404090249096221,SSP1,Lower CI,Central America and Caribbean,Non-Staples,%,Central America and CaribbeanNon-Staples
337,35.2653828,55.5889362,73.844025,87.9514174,97.226772,,,,-0.09310592036475401,-0.21623581316722534,-0.17897123259979003,-0.17361529102016746,-0.1859256536922998,SSP1,Median,Central America and Caribbean,Non-Staples,%,Central America and CaribbeanNon-Staples
338,35.2653828,55.5889362,73.844025,87.9514174,97.226772,,,,0.0641699203862363,0.2601785437289843,-0.039043782099835916,-0.07579031832461482,-0.10151109202445771,SSP1,Upper CI,Central America and Caribbean,Non-Staples,%,Central America and CaribbeanNon-Staples
357,49.884164,61.431742,70.09242,76.2433,77.83632,,,,2.1210040818164932,-7.965187992190441,-2.5264827620231673,1.5259823155497618,1.542180798583202,SSP1,Lower CI,Central America and Caribbean,Staples,%,Central America and CaribbeanStaples
358,49.884164,61.431742,70.09242,76.2433,77.83632,,,,2.540515698500988,1.5659958520926978,1.61750748578084,1.6855618589967807,1.6338038939886865,SSP1,Median,Central America and Caribbean,Staples,%,Central America and CaribbeanStaples
359,49.884164,61.431742,70.09242,76.2433,77.83632,,,,2.6627575446467384,4.68542074026439,3.0211303494327386,1.8082944798241223,1.8611907993902173,SSP1,Upper CI,Central America and Caribbean,Staples,%,Central America and CaribbeanStaples
378,49.01606,49.9461292,69.7758118,92.063128,104.523508,,,,-0.47508809762496734,-1.8634483292831505,-1.009144345745866,-0.6947099733608351,-0.6958489081875602,SSP1,Lower CI,Central Asia,Non-Staples,%,Central AsiaNon-Staples
379,49.01606,49.9461292,69.7758118,92.063128,104.523508,,,,-0.42328060187339095,-0.6210934234358018,-0.6439248670194562,-0.6444589866532058,-0.656824532660217,SSP1,Median,Central Asia,Non-Staples,%,Central AsiaNon-Staples
380,49.01606,49.9461292,69.7758118,92.063128,104.523508,,,,-0.3396304640066003,-0.3445631730552541,-0.573643688589959,-0.5939848351555963,-0.6082946391399943,SSP1,Upper CI,Central Asia,Non-Staples,%,Central AsiaNon-Staples
399,95.68104,99.35616,97.6679,96.86576000000001,97.79574,,,,0.3468897768221136,-6.885884112433828,-2.1860251688134653,-0.304388831121056,-0.23388713746547554,SSP1,Lower CI,Central Asia,Staples,%,Central AsiaStaples
400,95.68104,99.35616,97.6679,96.86576000000001,97.79574,,,,0.7426296842302179,-0.39337249363065535,-0.25859216299398735,-0.1327874718984868,-0.1544152385916961,SSP1,Median,Central Asia,Staples,%,Central AsiaStaples
401,95.68104,99.35616,97.6679,96.86576000000001,97.79574,,,,0.9036014934143075,1.7836215931017065,0.29102680861809205,0.05832546113085492,0.05674905068339617,SSP1,Upper CI,Central Asia,Staples,%,Central AsiaStaples
420,479.929748,1076.3062340000001,1336.86044,1541.1608999999999,1775.15786,,,,-0.11186098408372129,-0.27025038625870357,-0.09922285575603716,-0.10592981297897286,-0.09548892319191166,SSP1,Lower CI,China,Non-Staples,%,ChinaNon-Staples
421,479.929748,1076.3062340000001,1336.86044,1541.1608999999999,1775.15786,,,,-0.05489633343867712,-0.0985154370319905,-0.058160065270264176,-0.07008520452006667,-0.046367288951245644,SSP1,Median,China,Non-Staples,%,ChinaNon-Staples
422,479.929748,1076.3062340000001,1336.86044,1541.1608999999999,1775.15786,,,,0.08704213143181026,0.1786440219609851,0.035674049254433834,0.017633070120846243,0.004745008466587673,SSP1,Upper CI,China,Non-Staples,%,ChinaNon-Staples
441,1567.4292,1657.6644000000001,1692.5233999999998,1773.4756,1748.525,,,,1.971317708692705,1.943894311546377,2.2200842231743487,2.0835133839524302,2.032413043177353,SSP1,Lower CI,China,Staples,%,ChinaStaples
442,1567.4292,1657.6644000000001,1692.5233999999998,1773.4756,1748.525,,,,2.0977564770880917,2.4236930254479963,2.3252744823437212,2.1584307422149545,2.161884708700593,SSP1,Median,China,Staples,%,ChinaStaples
443,1567.4292,1657.6644000000001,1692.5233999999998,1773.4756,1748.525,,,,2.4767322779808594,3.0255323049681695,2.6875799322154115,2.4200847373745416,2.273283770824182,SSP1,Upper CI,China,Staples,%,ChinaStaples
462,128.293558,126.21683,126.2418596,126.2764292,132.044345086,,,,-0.5683645405945226,-0.6887505526552029,-0.39385345936742466,-0.33966110294213403,-0.3377628032139384,SSP1,Lower CI,Northeastern EU,Non-Staples,%,Northeastern EUNon-Staples
463,128.293558,126.21683,126.2418596,126.2764292,132.044345086,,,,-0.3411424180105552,-0.3544631802149143,-0.3239292183972822,-0.2774098426521421,-0.2871212604634377,SSP1,Median,Northeastern EU,Non-Staples,%,Northeastern EUNon-Staples
464,128.293558,126.21683,126.2418596,126.2764292,132.044345086,,,,-0.03021788475337439,0.06427414552484578,-0.21380877357715533,-0.2001736317775573,-0.22993233186269177,SSP1,Upper CI,Northeastern EU,Non-Staples,%,Northeastern EUNon-Staples
483,121.62328,113.28778,107.12695599999999,101.244302,100.21124,,,,-1.1720038772190722,-1.2873147111708205,-0.7182259120647001,-0.46861331834674047,-0.37969017196040755,SSP1,Lower CI,Northeastern EU,Staples,%,Northeastern EUStaples
484,121.62328,113.28778,107.12695599999999,101.244302,100.21124,,,,-0.40516340133352674,-0.4802127641446488,-0.6063688794211418,-0.2616515164302202,-0.2603003049834557,SSP1,Median,Northeastern EU,Staples,%,Northeastern EUStaples
485,121.62328,113.28778,107.12695599999999,101.244302,100.21124,,,,0.679022488595667,1.057505012604304,-0.08722578661839092,-0.10306746736827518,-0.16186652342851462,SSP1,Upper CI,Northeastern EU,Staples,%,Northeastern EUStaples
504,523.242858,581.44601,605.896086,608.646446,630.678656,,,,-0.27410352974468577,-0.5200239135864042,-0.28108084803683797,-0.21801129906169714,-0.20417045995124472,SSP1,Lower CI,Western EU,Non-Staples,%,Western EUNon-Staples
505,523.242858,581.44601,605.896086,608.646446,630.678656,,,,-0.24276468918288424,-0.2401457012087481,-0.19255673328959827,-0.14456756362791012,-0.15080859949249137,SSP1,Median,Western EU,Non-Staples,%,Western EUNon-Staples
506,523.242858,581.44601,605.896086,608.646446,630.678656,,,,0.064544458711341,0.2153289294546809,-0.09433307221926117,-0.07803813694617566,-0.10607472133333536,SSP1,Upper CI,Western EU,Non-Staples,%,Western EUNon-Staples
525,304.61154,338.99271999999996,337.91483999999997,344.45025999999996,350.20748000000003,,,,-0.35740354180396977,-1.0992443655432118,-0.4988004634899446,-0.2057204366620118,-0.11753112078227179,SSP1,Lower CI,Western EU,Staples,%,Western EUStaples
526,304.61154,338.99271999999996,337.91483999999997,344.45025999999996,350.20748000000003,,,,-0.15433480873853503,-0.48162533334290497,-0.17708766459488406,0.033877119812693215,0.014148195397594925,SSP1,Median,Western EU,Staples,%,Western EUStaples
527,304.61154,338.99271999999996,337.91483999999997,344.45025999999996,350.20748000000003,,,,0.9344483820224041,1.607016312466337,0.29162118570983603,0.23971066688856316,0.1325147730907018,SSP1,Upper CI,Western EU,Staples,%,Western EUStaples
546,71.834703,56.917258000000004,63.357045400000004,62.1816818,65.74335614,,,,-0.514262579084254,-0.5621991967321498,-0.38089223118715826,-0.33167233454604533,-0.32823638875955763,SSP1,Lower CI,Eastern Europe,Non-Staples,%,Eastern EuropeNon-Staples
547,71.834703,56.917258000000004,63.357045400000004,62.1816818,65.74335614,,,,-0.4193947501979071,-0.4209542795906327,-0.2999528795860966,-0.2597133349543094,-0.27291860856671474,SSP1,Median,Eastern Europe,Non-Staples,%,Eastern EuropeNon-Staples
548,71.834703,56.917258000000004,63.357045400000004,62.1816818,65.74335614,,,,-0.051041825404476354,0.006844501767496347,-0.21628925413694394,-0.19305097816387135,-0.21205805375822928,SSP1,Upper CI,Eastern Europe,Non-Staples,%,Eastern EuropeNon-Staples
567,78.249844,88.412586,63.079912,62.24624,59.421416,,,,-0.12819330937336526,-0.6530815745855424,-0.45427024627450974,-0.27911931939492163,-0.2495145578643868,SSP1,Lower CI,Eastern Europe,Staples,%,Eastern EuropeStaples
568,78.249844,88.412586,63.079912,62.24624,59.421416,,,,0.20452471341661863,-0.15419103316763416,-0.2802821795447046,-0.16386210030026963,-0.17413693916552628,SSP1,Median,Eastern Europe,Staples,%,Eastern EuropeStaples
569,78.249844,88.412586,63.079912,62.24624,59.421416,,,,0.6707935311348331,0.7130886911167033,-0.026391882152263124,-0.04034546172766247,-0.0841504919965893,SSP1,Upper CI,Eastern Europe,Staples,%,Eastern EuropeStaples
588,71.362972,88.713956,110.794108,131.105498,142.340138,,,,-0.6953456644571062,-1.3644466365261656,-0.8202715603737959,-0.803970415041431,-0.8508060572929278,SSP1,Lower CI,Other Europe,Non-Staples,%,Other EuropeNon-Staples
589,71.362972,88.713956,110.794108,131.105498,142.340138,,,,-0.5932279361516666,-0.8057404158575862,-0.7253596221713554,-0.73431218726558,-0.7925782195083769,SSP1,Median,Other Europe,Non-Staples,%,Other EuropeNon-Staples
590,71.362972,88.713956,110.794108,131.105498,142.340138,,,,-0.22888805553380656,-0.23725406188082288,-0.6093235427435489,-0.6133412404921742,-0.7159101489279184,SSP1,Upper CI,Other Europe,Non-Staples,%,Other EuropeNon-Staples
609,126.782716,129.617772,120.73096,118.47428000000001,121.16598,,,,-0.24112743820688776,-1.150796717649449,-0.270048482938438,0.0012082617675348017,0.004539838687258477,SSP1,Lower CI,Other Europe,Staples,%,Other EuropeStaples
610,126.782716,129.617772,120.73096,118.47428000000001,121.16598,,,,0.6955866125943123,0.12483224521721147,0.03487285063429924,0.22087746168064054,0.127477468775975,SSP1,Median,Other Europe,Staples,%,Other EuropeStaples
611,126.782716,129.617772,120.73096,118.47428000000001,121.16598,,,,1.5078392293049443,1.4153494516400618,0.534162727535675,0.4064640070451609,0.23500851421973062,SSP1,Upper CI,Other Europe,Staples,%,Other EuropeStaples
630,18.5377608,20.347603200000002,21.3700682,21.4275528,22.6565089492,,,,-0.15009071712274116,-0.58037930583114,-0.11716151196388058,-0.07954063766799899,-0.07022980818344171,SSP1,Lower CI,European Free Trade Association,Non-Staples,%,European Free Trade AssociationNon-Staples
631,18.5377608,20.347603200000002,21.3700682,21.4275528,22.6565089492,,,,-0.13909870508067274,-0.14792287377027621,-0.06937196353112023,-0.045159479580111565,-0.03321244795433765,SSP1,Median,European Free Trade Association,Non-Staples,%,European Free Trade AssociationNon-Staples
632,18.5377608,20.347603200000002,21.3700682,21.4275528,22.6565089492,,,,0.02331643727223029,0.19471183730336122,0.0038121631082253388,0.02655626095992462,0.018689068081505264,SSP1,Upper CI,European Free Trade Association,Non-Staples,%,European Free Trade AssociationNon-Staples
651,8.9407066,10.2774046,9.8472156,10.014857200000002,10.379447,,,,-0.0426807027684416,-2.0349824355097463,-0.2705288817215925,-0.0235679800725406,0.032498455336892856,SSP1,Lower CI,European Free Trade Association,Staples,%,European Free Trade AssociationStaples
652,8.9407066,10.2774046,9.8472156,10.014857200000002,10.379447,,,,0.06473562264238306,-0.041480767400789265,-0.03694488066767082,0.1290797756571641,0.12158999795895492,SSP1,Median,European Free Trade Association,Staples,%,European Free Trade AssociationStaples
653,8.9407066,10.2774046,9.8472156,10.014857200000002,10.379447,,,,0.6313848622499343,0.9734423757018315,0.19329164874933835,0.25187709568564354,0.21715219697401353,SSP1,Upper CI,European Free Trade Association,Staples,%,European Free Trade AssociationStaples
672,357.115508,526.89162,760.2044,982.8848,1186.1022,,,,-0.07928613799125267,-0.6846492933891994,-0.6628888910143315,-0.6532557437706765,-0.652490140951578,SSP1,Lower CI,India,Non-Staples,%,IndiaNon-Staples
673,357.115508,526.89162,760.2044,982.8848,1186.1022,,,,0.052039048264786975,-0.3725543222304539,-0.5751486018610202,-0.6103016499662784,-0.6321981391601958,SSP1,Median,India,Non-Staples,%,IndiaNon-Staples
674,357.115508,526.89162,760.2044,982.8848,1186.1022,,,,0.15330977875916563,-0.005220982935382701,-0.463198787425502,-0.48677366869693334,-0.5562911368800598,SSP1,Upper CI,India,Non-Staples,%,IndiaNon-Staples
693,1080.3144,1306.1892,1348.721,1374.3876,1395.5818,,,,10.299378138887187,8.774688602383975,8.164599048466574,7.855547806370048,7.557671395670906,SSP1,Lower CI,India,Staples,%,IndiaStaples
694,1080.3144,1306.1892,1348.721,1374.3876,1395.5818,,,,10.737878522801061,9.214670675154384,8.338023606205718,7.9247953938022,7.574692167669675,SSP1,Median,India,Staples,%,IndiaStaples
695,1080.3144,1306.1892,1348.721,1374.3876,1395.5818,,,,10.84040732538117,9.862829210357969,8.639815830463395,8.191534746193998,7.74926091051364,SSP1,Upper CI,India,Staples,%,IndiaStaples
714,68.2256694,103.70515,125.4822,173.218906,211.946796,,,,0.0030848221160173356,-2.698981485150819,-0.47131437159527206,-0.15119591062603177,-0.14735334624497465,SSP1,Lower CI,Indonesia,Non-Staples,%,IndonesiaNon-Staples
715,68.2256694,103.70515,125.4822,173.218906,211.946796,,,,0.0785565398663113,-0.038106193039743184,-0.06172998730229119,-0.06813940610597766,-0.06776560467186034,SSP1,Median,Indonesia,Non-Staples,%,IndonesiaNon-Staples
716,68.2256694,103.70515,125.4822,173.218906,211.946796,,,,0.22271496054066098,0.9704897358996882,0.05548856529196705,0.10815574528202103,0.09352453873128622,SSP1,Upper CI,Indonesia,Non-Staples,%,IndonesiaNon-Staples
735,259.380984,314.993192,339.336528,368.704198,373.09301600000003,,,,3.075712561243285,-7.769110770588984,-4.8750054104408385,0.309155787546332,2.742779551278854,SSP1,Lower CI,Indonesia,Staples,%,IndonesiaStaples
736,259.380984,314.993192,339.336528,368.704198,373.09301600000003,,,,3.337228994700394,3.3056967914931756,3.010507580799571,2.923060131816598,2.8742385661532093,SSP1,Median,Indonesia,Staples,%,IndonesiaStaples
737,259.380984,314.993192,339.336528,368.704198,373.09301600000003,,,,3.6242850761157195,6.9359304840826415,5.523288753898804,3.839306447213887,3.2977840493784774,SSP1,Upper CI,Indonesia,Staples,%,IndonesiaStaples
756,100.3277952,109.0713992,112.02938520000001,115.6982308,123.371932,,,,-0.6650366629200894,-0.9406186690902265,-0.5181833216751865,-0.46775711597994124,-0.44891517000130177,SSP1,Lower CI,Japan,Non-Staples,%,JapanNon-Staples
757,100.3277952,109.0713992,112.02938520000001,115.6982308,123.371932,,,,-0.5497017628941188,-0.46147905045081034,-0.43221753977380567,-0.40843663581624484,-0.38374303355785644,SSP1,Median,Japan,Non-Staples,%,JapanNon-Staples
758,100.3277952,109.0713992,112.02938520000001,115.6982308,123.371932,,,,-0.32551233288875003,-0.11354499696490716,-0.3352017352957376,-0.2896455108735078,-0.28762735464277567,SSP1,Upper CI,Japan,Non-Staples,%,JapanNon-Staples
777,129.12925,118.2195,110.97684000000001,110.22348,109.11622,,,,25.211149185035236,18.042360618881794,21.350989113553112,22.9810577109542,23.395540143103965,SSP1,Lower CI,Japan,Staples,%,JapanStaples
778,129.12925,118.2195,110.97684000000001,110.22348,109.11622,,,,25.716899264657954,23.53633178134957,22.912146339058673,23.131623069494214,23.51410327950384,SSP1,Median,Japan,Staples,%,JapanStaples
779,129.12925,118.2195,110.97684000000001,110.22348,109.11622,,,,25.814517143113083,26.495225709222296,23.7264306177443,23.333874566974448,23.674681049615415,SSP1,Upper CI,Japan,Staples,%,JapanStaples
798,66.754134,102.134898,125.4997484,143.0285328,155.0941674,,,,-0.2706198001253211,-0.5980469623435858,-0.3272583417297547,-0.2888921707573393,-0.299365930177271,SSP1,Lower CI,Mexico,Non-Staples,%,MexicoNon-Staples
799,66.754134,102.134898,125.4997484,143.0285328,155.0941674,,,,-0.24854676080002142,-0.31238138474449845,-0.2515156257240089,-0.24474836596327917,-0.24510651814944276,SSP1,Median,Mexico,Non-Staples,%,MexicoNon-Staples
800,66.754134,102.134898,125.4997484,143.0285328,155.0941674,,,,-0.06826318764223115,-0.07635761016907672,-0.18762711260764703,-0.16188307811402908,-0.17787103602428891,SSP1,Upper CI,Mexico,Non-Staples,%,MexicoNon-Staples
819,102.47783,125.74426,121.8724,126.15092,130.48036,,,,0.40183696899728294,-1.0882801307138301,0.029037694002560982,0.14399660197827957,0.11807108838573044,SSP1,Lower CI,Mexico,Staples,%,MexicoStaples
820,102.47783,125.74426,121.8724,126.15092,130.48036,,,,0.5000722527502789,0.003317379139028902,0.1844920979147276,0.23998775547914364,0.21209940397325475,SSP1,Median,Mexico,Staples,%,MexicoStaples
821,102.47783,125.74426,121.8724,126.15092,130.48036,,,,0.8456515862373208,0.6468245312345305,0.38589925959586047,0.3913690600551537,0.3323051450589139,SSP1,Upper CI,Mexico,Staples,%,MexicoStaples
840,89.3553932,141.153186,194.346812,235.064734,269.085832,,,,-0.2293086555745163,-1.231227676657193,-0.6173463324092885,-0.48098159303764465,-0.4609476712103368,SSP1,Lower CI,Middle East,Non-Staples,%,Middle EastNon-Staples
841,89.3553932,141.153186,194.346812,235.064734,269.085832,,,,-0.16627474073691031,-0.4002185826188771,-0.4790554746023293,-0.42429369632502867,-0.4047238852975275,SSP1,Median,Middle East,Non-Staples,%,Middle EastNon-Staples
842,89.3553932,141.153186,194.346812,235.064734,269.085832,,,,0.0293050109194245,0.04375635472488226,-0.3858558681034295,-0.3051414314119011,-0.3132741855174606,SSP1,Upper CI,Middle East,Non-Staples,%,Middle EastNon-Staples
861,180.2866,250.65832,242.2884,258.96104,278.60568,,,,2.1462906214126067,-1.190007652023783,0.7708323046829908,1.5253403714119738,1.5351048309426572,SSP1,Lower CI,Middle East,Staples,%,Middle EastStaples
862,180.2866,250.65832,242.2884,258.96104,278.60568,,,,2.433877458511741,1.4654299337916041,1.530797045465376,1.7126335309443568,1.6464947948476443,SSP1,Median,Middle East,Staples,%,Middle EastStaples
863,180.2866,250.65832,242.2884,258.96104,278.60568,,,,2.818359033482866,2.9027765099995815,1.984652000072899,1.8693137668225022,1.7761961897764438,SSP1,Upper CI,Middle East,Staples,%,Middle EastStaples
882,57.453492,95.26806,119.577602,143.2326734,166.02859377000001,,,,-3.600288165855907,-3.965671907420465,-3.872208151056972,-4.0668472404849565,-4.394992409564043,SSP1,Lower CI,Pakistan,Non-Staples,%,PakistanNon-Staples
883,57.453492,95.26806,119.577602,143.2326734,166.02859377000001,,,,-3.33849566008511,-3.6953643774842364,-3.7591047008367395,-4.015955283925711,-4.342393248399369,SSP1,Median,Pakistan,Non-Staples,%,PakistanNon-Staples
884,57.453492,95.26806,119.577602,143.2326734,166.02859377000001,,,,-3.2992871461524973,-3.3840472815604836,-3.6332508246467734,-3.9028790694863433,-4.257343801138557,SSP1,Upper CI,Pakistan,Non-Staples,%,PakistanNon-Staples
903,117.311286,160.54113999999998,171.60908,181.3999,191.30302,,,,-5.6566264234943455,-7.765819646753958,-8.908021256213964,-9.88198000903411,-10.989577346687321,SSP1,Lower CI,Pakistan,Staples,%,PakistanStaples
904,117.311286,160.54113999999998,171.60908,181.3999,191.30302,,,,-4.910144526557007,-7.386161810091286,-8.791431341938429,-9.7995872495181,-10.923333170721802,SSP1,Median,Pakistan,Staples,%,PakistanStaples
905,117.311286,160.54113999999998,171.60908,181.3999,191.30302,,,,-4.733561557258706,-6.5536562842808666,-8.437481654062331,-9.560138588328515,-10.76090941912472,SSP1,Upper CI,Pakistan,Staples,%,PakistanStaples
924,146.33445,133.462848,166.857938,179.36042,189.42428999999998,,,,-0.17356249114885258,-0.3454000527005474,-0.24038365909921283,-0.19964123332797135,-0.1880987953113166,SSP1,Lower CI,Russia,Non-Staples,%,RussiaNon-Staples
925,146.33445,133.462848,166.857938,179.36042,189.42428999999998,,,,-0.12438416204057312,-0.18964309995877654,-0.1827261356473975,-0.15415376601983555,-0.14803239679963373,SSP1,Median,Russia,Non-Staples,%,RussiaNon-Staples
926,146.33445,133.462848,166.857938,179.36042,189.42428999999998,,,,0.000907039784616509,0.03260607119013212,-0.12084256069964228,-0.10882640706498208,-0.11310188039054211,SSP1,Upper CI,Russia,Non-Staples,%,RussiaNon-Staples
945,179.4387038,163.883128,159.33344799999998,158.48770000000002,155.80916200000001,,,,2.149338277469287,1.2973097413332695,1.4652990641052417,1.6639964539653567,1.6986397664318627,SSP1,Lower CI,Russia,Staples,%,RussiaStaples
946,179.4387038,163.883128,159.33344799999998,158.48770000000002,155.80916200000001,,,,2.3823299959002506,1.7593389734068647,1.666404739368544,1.774191130279823,1.7775900618002787,SSP1,Median,Russia,Staples,%,RussiaStaples
947,179.4387038,163.883128,159.33344799999998,158.48770000000002,155.80916200000001,,,,2.6181179118633615,2.607003966268188,1.9045083882679028,1.8802008187807873,1.8567555425158127,SSP1,Upper CI,Russia,Staples,%,RussiaStaples
966,19.459044,29.7515566,40.5882918,48.5003112,54.6326038,,,,-0.6535085630608434,-0.9713644217714454,-0.6608587470868946,-0.6065962044565929,-0.595056211972208,SSP1,Lower CI,South Africa,Non-Staples,%,South AfricaNon-Staples
967,19.459044,29.7515566,40.5882918,48.5003112,54.6326038,,,,-0.6185747698166791,-0.654528558283636,-0.6084987911186511,-0.5546288279515273,-0.5517920251486004,SSP1,Median,South Africa,Non-Staples,%,South AfricaNon-Staples
968,19.459044,29.7515566,40.5882918,48.5003112,54.6326038,,,,-0.4747863400014726,-0.45483481463272585,-0.5371245238645553,-0.49417594395888664,-0.49552247765858604,SSP1,Upper CI,South Africa,Non-Staples,%,South AfricaNon-Staples
987,50.207570000000004,67.70330799999999,64.57504,65.60422,67.76984,,,,0.28991271908424043,-1.5488190177961951,-0.34183583011652385,0.04504148386591125,0.05479067082816297,SSP1,Lower CI,South Africa,Staples,%,South AfricaStaples
988,50.207570000000004,67.70330799999999,64.57504,65.60422,67.76984,,,,0.49735205908021124,-0.210758107611454,0.04327530777589075,0.17229924168021027,0.1653784434309817,SSP1,Median,South Africa,Staples,%,South AfricaStaples
989,50.207570000000004,67.70330799999999,64.57504,65.60422,67.76984,,,,0.8500191101160642,0.6059461348327053,0.3286266002677334,0.3315213914345867,0.29222011428887473,SSP1,Upper CI,South Africa,Staples,%,South AfricaStaples
1008,15.3765688,21.2573278,30.9336576,31.5854494,34.8600502,,,,-0.12962902684291086,-2.1031889934797707,-0.3267827974810644,0.0467822818123613,0.0850302014115547,SSP1,Lower CI,Northern South America,Non-Staples,%,Northern South AmericaNon-Staples
1009,15.3765688,21.2573278,30.9336576,31.5854494,34.8600502,,,,-0.08323483307385694,-0.12318727940351526,0.012539197541205502,0.09186464958144634,0.13236731072578015,SSP1,Median,Northern South America,Non-Staples,%,Northern South AmericaNon-Staples
1010,15.3765688,21.2573278,30.9336576,31.5854494,34.8600502,,,,0.04369359893584634,0.6078927249090762,0.13693174264058783,0.1855698164424946,0.19807349423945497,SSP1,Upper CI,Northern South America,Non-Staples,%,Northern South AmericaNon-Staples
1029,19.7369426,26.168494000000003,31.038684,25.332192,26.476978000000003,,,,2.8789431069414775,-6.950044317987628,-1.1516611396914267,2.0737218955793657,2.0842208301391607,SSP1,Lower CI,Northern South America,Staples,%,Northern South AmericaStaples
1030,19.7369426,26.168494000000003,31.038684,25.332192,26.476978000000003,,,,3.371072991495229,1.8018120612856714,2.051024377048216,2.1722761937645574,2.136696428587151,SSP1,Median,Northern South America,Staples,%,Northern South AmericaStaples
1031,19.7369426,26.168494000000003,31.038684,25.332192,26.476978000000003,,,,3.73787643880771,3.9451462471124037,2.503645597066027,2.3410532738003336,2.2847192300962003,SSP1,Upper CI,Northern South America,Staples,%,Northern South AmericaStaples
1050,36.135314,53.248447999999996,70.412676,83.777026,94.161412,,,,-0.22864434864600586,-0.22574767824189776,0.09623083827642046,0.14150449511480614,0.14385461732892763,SSP1,Lower CI,Southern South America,Non-Staples,%,Southern South AmericaNon-Staples
1051,36.135314,53.248447999999996,70.412676,83.777026,94.161412,,,,0.29209739403130086,0.1522083419993725,0.1632446794441751,0.18848484143443847,0.19028550959432775,SSP1,Median,Southern South America,Non-Staples,%,Southern South AmericaNon-Staples
1052,36.135314,53.248447999999996,70.412676,83.777026,94.161412,,,,0.5191381014255305,0.4469576842797537,0.21675990078953536,0.24614057633635025,0.23691263659782313,SSP1,Upper CI,Southern South America,Non-Staples,%,Southern South AmericaNon-Staples
1071,52.579884,71.978984,74.46088,81.83368,83.58216,,,,0.40899825220236874,1.055624791820327,1.5594231146997155,1.682810984836934,1.6595584471358897,SSP1,Lower CI,Southern South America,Staples,%,Southern South AmericaStaples
1072,52.579884,71.978984,74.46088,81.83368,83.58216,,,,2.5065217851370467,1.6462742047544114,1.7244437978101996,1.7794290126335188,1.737147481856544,SSP1,Median,Southern South America,Staples,%,Southern South AmericaStaples
1073,52.579884,71.978984,74.46088,81.83368,83.58216,,,,3.2174857823288447,2.3862698393282953,1.8936751177322477,1.8838242854900715,1.8238291903814186,SSP1,Upper CI,Southern South America,Staples,%,Southern South AmericaStaples
1092,37.829444,62.0987494,85.4033992,111.5108296,140.3029128,,,,-0.36090334424351816,-1.161953849123066,-0.5865994779711049,-0.5077219101299232,-0.5143137769601677,SSP1,Lower CI,South Asia,Non-Staples,%,South AsiaNon-Staples
1093,37.829444,62.0987494,85.4033992,111.5108296,140.3029128,,,,-0.2816140171869237,-0.4663996191429982,-0.45641246366213317,-0.444004632291986,-0.4558771973922043,SSP1,Median,South Asia,Non-Staples,%,South AsiaNon-Staples
1094,37.829444,62.0987494,85.4033992,111.5108296,140.3029128,,,,-0.16955494260284015,-0.07856796436440672,-0.38868877827291026,-0.35593532360222957,-0.39308230778652453,SSP1,Upper CI,South Asia,Non-Staples,%,South AsiaNon-Staples
1113,216.2468,316.75508,318.95908,327.62361999999996,337.51905999999997,,,,1.6791896497083638,0.327437170312979,0.29273303959275887,0.2485110454179582,0.16312667330846625,SSP1,Lower CI,South Asia,Staples,%,South AsiaStaples
1114,216.2468,316.75508,318.95908,327.62361999999996,337.51905999999997,,,,1.8947849451440695,0.7968377230198004,0.386935996985762,0.3054575949569827,0.21840975574887717,SSP1,Median,South Asia,Staples,%,South AsiaStaples
1115,216.2468,316.75508,318.95908,327.62361999999996,337.51905999999997,,,,2.121763101168935,1.235622796182712,0.5659897909131532,0.42913182996332144,0.32105096103241465,SSP1,Upper CI,South Asia,Staples,%,South AsiaStaples
1134,26.6384234,38.9556522,50.839555399999995,62.933056,67.946097,,,,-0.5280459291640925,-1.0969204613195753,-0.5583634505603441,-0.318183839589816,-0.3096367238632643,SSP1,Lower CI,South Korea,Non-Staples,%,South KoreaNon-Staples
1135,26.6384234,38.9556522,50.839555399999995,62.933056,67.946097,,,,-0.34920165966934225,-0.3953790817446417,-0.2983486904856756,-0.26249236099858236,-0.2583165847177961,SSP1,Median,South Korea,Non-Staples,%,South KoreaNon-Staples
1136,26.6384234,38.9556522,50.839555399999995,62.933056,67.946097,,,,-0.17468116715728965,0.02892695538712431,-0.1952715481117493,-0.1989007911086591,-0.14962997675865058,SSP1,Upper CI,South Korea,Non-Staples,%,South KoreaNon-Staples
1155,58.579968,54.09835,55.262904,50.546132,50.817043999999996,,,,5.32168498999121,0.9690087194734107,3.5306963716967394,3.7694354939805472,3.886944990931177,SSP1,Lower CI,South Korea,Staples,%,South KoreaStaples
1156,58.579968,54.09835,55.262904,50.546132,50.817043999999996,,,,5.964173367077449,4.207588614719058,3.9121522244777736,4.002140890298164,4.063071216705853,SSP1,Median,South Korea,Staples,%,South KoreaStaples
1157,58.579968,54.09835,55.262904,50.546132,50.817043999999996,,,,6.242669965748034,6.2196558630323615,4.5482225897725765,4.726752718856669,4.412229631098144,SSP1,Upper CI,South Korea,Staples,%,South KoreaStaples
1176,122.9917,204.52708,283.029496,340.80537000000004,392.757948,,,,0.15111140048539942,-0.23272229805197503,0.028613400083196266,0.06118339235425055,0.071871919031637,SSP1,Lower CI,Southeast Asia,Non-Staples,%,Southeast AsiaNon-Staples
1177,122.9917,204.52708,283.029496,340.80537000000004,392.757948,,,,0.19512089927022486,0.04713579346461632,0.08224147974708163,0.1119525341391411,0.12150932007186366,SSP1,Median,Southeast Asia,Non-Staples,%,Southeast AsiaNon-Staples
1178,122.9917,204.52708,283.029496,340.80537000000004,392.757948,,,,0.3689898221149699,0.37878411463151357,0.16457257625173774,0.18519295844417363,0.17899053921559596,SSP1,Upper CI,Southeast Asia,Non-Staples,%,Southeast AsiaNon-Staples
1197,304.99036,431.53355999999997,437.29644,450.59202000000005,459.80378,,,,5.894075219582041,4.513482956407463,4.720959869240584,4.718089976278377,4.638532402126792,SSP1,Lower CI,Southeast Asia,Staples,%,Southeast AsiaStaples
1198,304.99036,431.53355999999997,437.29644,450.59202000000005,459.80378,,,,6.371753589515055,5.186512833186775,4.96999248669365,4.845585923527549,4.755610856875645,SSP1,Median,Southeast Asia,Staples,%,Southeast AsiaStaples
1199,304.99036,431.53355999999997,437.29644,450.59202000000005,459.80378,,,,6.57056032567795,5.872832355568693,5.151973342484451,5.022042227823852,4.892825254429631,SSP1,Upper CI,Southeast Asia,Staples,%,Southeast AsiaStaples
1218,24.0853766,27.7897436,30.8527934,32.4604038,34.0110672,,,,0.02020630568339568,-0.555009678326158,-0.06690275112836233,-0.0018339478037791707,0.016562585062234757,SSP1,Lower CI,Taiwan,Non-Staples,%,TaiwanNon-Staples
1219,24.0853766,27.7897436,30.8527934,32.4604038,34.0110672,,,,0.08086057274054376,-0.023181399824744042,0.030288798200100046,0.04553219755871889,0.05778375542640492,SSP1,Median,Taiwan,Non-Staples,%,TaiwanNon-Staples
1220,24.0853766,27.7897436,30.8527934,32.4604038,34.0110672,,,,0.21737681700190592,0.365081204398363,0.08254655556297433,0.13147722023618502,0.12209237329895808,SSP1,Upper CI,Taiwan,Non-Staples,%,TaiwanNon-Staples
1239,16.447788,17.96665,17.212722,17.03608,16.907906,,,,41.64853857663676,35.342881834317645,37.285060536460094,38.83559343179294,38.891640756898724,SSP1,Lower CI,Taiwan,Staples,%,TaiwanStaples
1240,16.447788,17.96665,17.212722,17.03608,16.907906,,,,42.95151941060673,39.69326265952327,38.942529551726864,39.112176811091,39.148205871422284,SSP1,Median,Taiwan,Staples,%,TaiwanStaples
1241,16.447788,17.96665,17.212722,17.03608,16.907906,,,,43.2007216949009,42.848123780800584,40.22422080813267,39.57318821337579,39.47921019698839,SSP1,Upper CI,Taiwan,Staples,%,TaiwanStaples
1260,37.7524598,44.9868794,51.882258,58.803554,63.2818236,,,,-0.07332952555756657,-0.1349770941985481,0.026894021242751018,0.09013351767083776,0.12786692263800278,SSP1,Lower CI,Argentina,Non-Staples,%,ArgentinaNon-Staples
1261,37.7524598,44.9868794,51.882258,58.803554,63.2818236,,,,0.029842274713497673,-0.01947025973237042,0.09711786763623324,0.1657806020429812,0.1941477198847086,SSP1,Median,Argentina,Non-Staples,%,ArgentinaNon-Staples
1262,37.7524598,44.9868794,51.882258,58.803554,63.2818236,,,,0.21448648121459185,0.40318312493729347,0.17159176950684635,0.23004564410497352,0.24208030357237934,SSP1,Upper CI,Argentina,Non-Staples,%,ArgentinaNon-Staples
1281,31.9329302,33.117304000000004,41.92451,39.085906,39.8131,,,,0.6185127728192791,-0.3226457452668797,-0.09787923478325003,0.08576472646100675,0.10898372222920039,SSP1,Lower CI,Argentina,Staples,%,ArgentinaStaples
1282,31.9329302,33.117304000000004,41.92451,39.085906,39.8131,,,,0.8214022062291017,0.1546979103139629,0.08359286873783815,0.21658539399690846,0.19525187415762216,SSP1,Median,Argentina,Staples,%,ArgentinaStaples
1283,31.9329302,33.117304000000004,41.92451,39.085906,39.8131,,,,1.1967655935739523,1.1904737304318536,0.35900024818685083,0.34516016771240626,0.28874366166650733,SSP1,Upper CI,Argentina,Staples,%,ArgentinaStaples
1302,22.4245872,35.6244596,47.8329418,62.7620376,69.4450822,,,,0.26976281559262516,-0.23720467442722484,0.16039817751198587,0.2627051902221629,0.27212525907948487,SSP1,Lower CI,Colombia,Non-Staples,%,ColombiaNon-Staples
1303,22.4245872,35.6244596,47.8329418,62.7620376,69.4450822,,,,0.30287080853258985,0.20891266037608605,0.27022547954549914,0.3022951167128819,0.30826976065075523,SSP1,Median,Colombia,Non-Staples,%,ColombiaNon-Staples
1304,22.4245872,35.6244596,47.8329418,62.7620376,69.4450822,,,,0.3796465445538806,0.47956472336711065,0.29787531629529457,0.3510860576918422,0.3535731899162397,SSP1,Upper CI,Colombia,Non-Staples,%,ColombiaNon-Staples
1323,26.04717,35.346092,33.673326,36.53284,37.762299999999996,,,,0.8705037960784026,-1.0218124797311783,0.05637274881115928,0.2939608000534226,0.30928830588240735,SSP1,Lower CI,Colombia,Staples,%,ColombiaStaples
1324,26.04717,35.346092,33.673326,36.53284,37.762299999999996,,,,1.1239553665485822,0.4291861452477308,0.2929338239651708,0.3761210596351864,0.3767301476713171,SSP1,Median,Colombia,Staples,%,ColombiaStaples
1325,26.04717,35.346092,33.673326,36.53284,37.762299999999996,,,,1.2903124904968242,1.1290596180848043,0.39989696439342515,0.49286415123789107,0.45219279183014865,SSP1,Upper CI,Colombia,Staples,%,ColombiaStaples
1344,3449.0991142,5003.1104284,6122.777318,7071.0951438,8036.3760969252,0.0,0.0,0.0,-80.24587842392664,-37.57648277654161,-0.33213191209334564,-0.3080857858636599,-0.32321469134093084,SSP1,Lower CI,Global,Non-Staples,%,GlobalNon-Staples
1345,3449.0991142,5003.1104284,6122.777318,7071.0951438,8036.3760969252,0.0,0.0,0.0,-99.99999999669197,-0.28463694824065444,-0.26334875727488083,-0.26468234843503574,-0.27678871779661457,SSP1,Median,Global,Non-Staples,%,GlobalNon-Staples
1346,3449.0991142,5003.1104284,6122.777318,7071.0951438,8036.3760969252,0.0,0.0,0.0,-34.128305655465994,-1.0614290106491886,-0.18480092653731667,-0.17321476656769313,-0.21093499524341816,SSP1,Upper CI,Global,Non-Staples,%,GlobalNon-Staples
1365,6264.0464512,7514.7490326,7717.3096956,8056.6670732,8236.058435,0.0,0.0,0.0,-79.45981286320134,-35.60872635377778,2.3689685345213256,2.7810757305636606,2.763975581479056,SSP1,Lower CI,Global,Staples,%,GlobalStaples
1366,6264.0464512,7514.7490326,7717.3096956,8056.6670732,8236.058435,0.0,0.0,0.0,-99.99999996978737,3.0789480249333563,2.9682914746599436,2.9334453738008315,2.835305514532245,SSP1,Median,Global,Staples,%,GlobalStaples
1367,6264.0464512,7514.7490326,7717.3096956,8056.6670732,8236.058435,0.0,0.0,0.0,-31.506664779438832,2.118802676781261,3.3746995639314497,3.0921370118331586,2.96678530728483,SSP1,Upper CI,Global,Staples,%,GlobalStaples
